rank,model,local_exp4_balanced_accuracy,bnci2014_001_balanced_accuracy,bnci2014_004_balanced_accuracy,cho2017_balanced_accuracy,physionet_mi_balanced_accuracy,equal_dataset_macro_balanced_accuracy,status
1,cardinal_fbc_compactdyn_scale025_extended,0.9125,0.7546296296296295,0.7792361111111111,0.7124551282051281,0.5406790907696705,0.7398999919431077,descriptive_opened_development_suite_only
2,cardinal_fbc_compactdyn_extended,0.9020833333333333,0.7573302469135803,0.7761210317460319,0.7114871794871794,0.54083136401977,0.737570631099979,descriptive_opened_development_suite_only
3,cardinal_dynamics_sinc_extended,0.91625,0.7101851851851851,0.789623015873016,0.6923461538461539,0.5749633585684312,0.7366735426945572,descriptive_opened_development_suite_only
4,cardinal_dynamics_extended,0.90625,0.7060956790123457,0.7813492063492063,0.7021378205128206,0.5857358958808234,0.7363137203510393,descriptive_opened_development_suite_only
5,cardinal_fbc_compactdyn_scale010_extended,0.91,0.7480709876543209,0.7733829365079364,0.6999391025641025,0.5455146705146705,0.7353815394482061,descriptive_opened_development_suite_only
6,cardinal_fbc_physical_extended,0.9079166666666667,0.7478395061728396,0.7761706349206349,0.7010705128205128,0.5437501307066525,0.7353494902574613,descriptive_opened_development_suite_only
7,cardinal_fbc_compactdyn,0.8841666666666668,0.7535493827160494,0.7818749999999999,0.7111698717948719,0.5424496866525852,0.7346421215660346,descriptive_opened_development_suite_only
8,cardinal_fbc_compactdyn_scale025,0.89625,0.7548611111111112,0.7710218253968253,0.7099166666666665,0.5389719311820761,0.7342043068713358,descriptive_opened_development_suite_only
9,cardinal_fbms_extended,0.90875,0.7439043209876544,0.7760813492063492,0.6894551282051282,0.5500670960815889,0.7336515788961442,descriptive_opened_development_suite_only
10,cardinal_dynamics_compact,0.8891666666666667,0.6983796296296296,0.788125,0.7027916666666667,0.5874385678733505,0.7331803061672627,descriptive_opened_development_suite_only
11,fbmsnet,0.9095833333333333,0.7422067901234568,0.7748015873015872,0.6893076923076923,0.5499662341147848,0.733173127436171,descriptive_opened_development_suite_only
12,tcformer,0.9120833333333334,0.7238425925925925,0.7799999999999999,0.6946570512820514,0.5552324922795938,0.7331630938975142,descriptive_opened_development_suite_only
13,cardinal_fbc_corr_extended,0.9033333333333333,0.7479938271604938,0.7594146825396826,0.7003589743589745,0.5539813246334985,0.7330164284051965,descriptive_opened_development_suite_only
14,cardinal_fbc_micro,0.8908333333333334,0.7513117283950617,0.7761507936507936,0.6996249999999999,0.546664148385163,0.7329170007528704,descriptive_opened_development_suite_only
15,cardinal_fbc_micro_extended,0.9075,0.7508487654320987,0.7622023809523808,0.702349358974359,0.5410226314211821,0.7327846273560041,descriptive_opened_development_suite_only
16,cardinal_dynamics,0.8883333333333334,0.7007716049382715,0.7820039682539682,0.7043846153846154,0.588414467309395,0.7327815978439167,descriptive_opened_development_suite_only
17,cardinal_fbc_physical,0.895,0.7513117283950617,0.775327380952381,0.7003205128205128,0.5403856979038137,0.7324690640143539,descriptive_opened_development_suite_only
18,cardinal_fbc_extended,0.9066666666666667,0.7462191358024691,0.7670436507936508,0.6965961538461537,0.5442463802971049,0.732154397481209,descriptive_opened_development_suite_only
19,fbcnet,0.90625,0.7456018518518519,0.7681646825396826,0.6959903846153845,0.5442506500477514,0.7320515138109341,descriptive_opened_development_suite_only
20,cardinal_fbc,0.8983333333333332,0.7499228395061728,0.7718353174603174,0.6953653846153844,0.5445913587217935,0.7320096467274003,descriptive_opened_development_suite_only
21,cardinal_fbc_corr,0.8887499999999999,0.7489197530864199,0.7644246031746031,0.7015673076923077,0.5527800869286376,0.7312883501763936,descriptive_opened_development_suite_only
22,cardinal_fbc_compactdyn_scale010,0.8941666666666667,0.7510802469135802,0.7672222222222222,0.6995224358974357,0.5437461659381949,0.7311475475276199,descriptive_opened_development_suite_only
23,cardinal_fbms,0.8920833333333333,0.7441358024691359,0.7732738095238095,0.6894134615384618,0.5498761336623655,0.7297565081054211,descriptive_opened_development_suite_only
24,cardinal_dynamics_sinc_residual,0.8712500000000001,0.7064043209876543,0.7892063492063492,0.6953878205128206,0.5783640406828813,0.7281225062779411,descriptive_opened_development_suite_only
25,cardinal_dynamics_sinc,0.8720833333333333,0.7042438271604938,0.7879861111111112,0.6887371794871794,0.5677693515555835,0.7241639605295402,descriptive_opened_development_suite_only
26,free_cardinal,0.8854166666666667,0.7003086419753086,0.760436507936508,0.6778301282051283,0.58217239684631,0.7212328683259843,descriptive_opened_development_suite_only
27,cardinal_mix_drop,0.8316666666666668,0.7209104938271603,0.7769940476190477,0.6809519230769231,0.570003476796955,0.7161053215973505,descriptive_opened_development_suite_only
28,cardinal_mix,0.82125,0.719753086419753,0.7767658730158731,0.6719423076923078,0.5677364570480513,0.711489544835197,descriptive_opened_development_suite_only
29,shallow,0.8766666666666667,0.654398148148148,0.7738888888888887,0.681701923076923,0.5660749576510447,0.7105461168863342,descriptive_opened_development_suite_only
30,cardinal,0.8391666666666666,0.7010030864197531,0.7461904761904762,0.6784839743589745,0.5826036416616126,0.7094895690594966,descriptive_opened_development_suite_only
31,eegconformer,0.8895833333333334,0.6180555555555556,0.7820039682539683,0.6592339743589742,0.5708521115224013,0.7039457886048466,descriptive_opened_development_suite_only
32,eegconformer_compact,0.87375,0.626003086419753,0.777063492063492,0.6547371794871796,0.5729970948268049,0.7009101705594459,descriptive_opened_development_suite_only
33,ctnet,0.8691666666666666,0.6600308641975308,0.7865277777777778,0.6510641025641027,0.5293035165317774,0.6992185855475711,descriptive_opened_development_suite_only
34,atcnet,0.8391666666666667,0.6277006172839505,0.7814980158730159,0.6524230769230768,0.5577247195906617,0.6917026192674742,descriptive_opened_development_suite_only
35,atcnet_aggressive_pool,0.8670833333333333,0.619212962962963,0.7796329365079365,0.6347371794871796,0.5459183362263071,0.6893169497035438,descriptive_opened_development_suite_only
36,ctnet_compact,0.8291666666666666,0.5869598765432098,0.7777380952380953,0.6171923076923077,0.5248066848610327,0.6671727262002625,descriptive_opened_development_suite_only
37,eegsym_wide,0.8620833333333334,0.5143518518518518,0.7829563492063492,0.6064198717948718,0.51416363427233,0.6559950080917473,descriptive_opened_development_suite_only
38,free_scope,0.7741666666666667,0.5520061728395061,0.7384623015873015,0.5978621794871796,0.5429078134694076,0.6410810268100123,descriptive_opened_development_suite_only
39,eegnet,0.83625,0.47530864197530864,0.7278670634920634,0.6331282051282051,0.5198470209339774,0.638480186305911,descriptive_opened_development_suite_only
40,eegtcnet,0.7083333333333333,0.4773148148148148,0.7313293650793651,0.5673942307692307,0.5218837791301559,0.6012511046253799,descriptive_opened_development_suite_only
41,scope,0.7079166666666666,0.4358796296296296,0.743125,0.5694967948717948,0.5229605841018885,0.5958757350539959,descriptive_opened_development_suite_only
42,deep4,0.66625,0.31265432098765433,0.7003472222222222,0.5548044871794872,0.5115683229813665,0.5491248706741461,descriptive_opened_development_suite_only
43,eegsym,0.62625,0.383179012345679,0.6306646825396826,0.536,0.5020138409631163,0.5356215071696956,descriptive_opened_development_suite_only
