dataset,model,subjects_averaged,aggregation,accuracy,accuracy_defined_count,balanced_accuracy,balanced_accuracy_defined_count,chance_normalized_balanced_accuracy,chance_normalized_balanced_accuracy_defined_count,macro_f1,macro_f1_defined_count,cohen_kappa,cohen_kappa_defined_count,ovr_macro_auroc,ovr_macro_auroc_defined_count,nll,nll_defined_count,multiclass_brier,multiclass_brier_defined_count,ece,ece_defined_count
local_exp4,scope,8,mean_seeds_within_subject_then_mean_subjects,0.7079166666666666,8,0.7079166666666666,8,0.4158333333333334,8,0.6839444526985927,8,0.41583333333333333,8,0.7552777777777778,8,0.5968686259110381,8,0.3965146184308418,8,0.16874297954142095,8
local_exp4,free_scope,8,mean_seeds_within_subject_then_mean_subjects,0.7741666666666667,8,0.7741666666666667,8,0.5483333333333333,8,0.7612909189921326,8,0.5483333333333333,8,0.8430555555555556,8,0.4552828964795499,8,0.29825463496242405,8,0.13295184488097828,8
local_exp4,cardinal,8,mean_seeds_within_subject_then_mean_subjects,0.8391666666666666,8,0.8391666666666666,8,0.6783333333333333,8,0.8342674005763169,8,0.6783333333333335,8,0.9039722222222222,8,0.35497794099556357,8,0.22731297305258283,8,0.11526630642513433,8
local_exp4,free_cardinal,8,mean_seeds_within_subject_then_mean_subjects,0.8854166666666667,8,0.8854166666666667,8,0.7708333333333333,8,0.8847519116933082,8,0.7708333333333334,8,0.9469444444444445,8,0.2756108049041126,8,0.16810502190686338,8,0.09393273673951624,8
local_exp4,cardinal_dynamics,8,mean_seeds_within_subject_then_mean_subjects,0.8883333333333334,8,0.8883333333333334,8,0.7766666666666667,8,0.8867652238001429,8,0.7766666666666667,8,0.9497777777777777,8,0.25916275890217955,8,0.16216415134640894,8,0.0893734862158696,8
local_exp4,cardinal_dynamics_compact,8,mean_seeds_within_subject_then_mean_subjects,0.8891666666666667,8,0.8891666666666667,8,0.7783333333333333,8,0.8885509300721215,8,0.7783333333333333,8,0.9516944444444444,8,0.2509885743910315,8,0.1568548991377033,8,0.08250388632218043,8
local_exp4,cardinal_dynamics_extended,8,mean_seeds_within_subject_then_mean_subjects,0.90625,8,0.90625,8,0.8125,8,0.9058567428360331,8,0.8125,8,0.9619444444444445,8,0.21474677202656683,8,0.13136686709069412,8,0.07104181463519732,8
local_exp4,cardinal_dynamics_sinc,8,mean_seeds_within_subject_then_mean_subjects,0.8720833333333333,8,0.8720833333333333,8,0.7441666666666668,8,0.8711190663651738,8,0.7441666666666666,8,0.9286944444444445,8,0.28580811238593223,8,0.17842011424823706,8,0.09078932322561742,8
local_exp4,cardinal_dynamics_sinc_residual,8,mean_seeds_within_subject_then_mean_subjects,0.87125,8,0.8712500000000001,8,0.7425,8,0.8703307741028602,8,0.7424999999999999,8,0.9371111111111112,8,0.28238503185678165,8,0.1745157802295837,8,0.093833436469237,8
local_exp4,cardinal_dynamics_sinc_extended,8,mean_seeds_within_subject_then_mean_subjects,0.91625,8,0.91625,8,0.8325,8,0.9157058205253132,8,0.8324999999999999,8,0.9633055555555556,8,0.2140614833836444,8,0.12907743934196514,8,0.07890163871149222,8
local_exp4,eegnet,8,mean_seeds_within_subject_then_mean_subjects,0.83625,8,0.83625,8,0.6725000000000001,8,0.8154088882196487,8,0.6725,8,0.8766388888888889,8,0.2872955986474667,8,0.18994672283702518,8,0.05271913327276706,8
local_exp4,shallow,8,mean_seeds_within_subject_then_mean_subjects,0.8766666666666666,8,0.8766666666666667,8,0.7533333333333333,8,0.8760341388018582,8,0.7533333333333334,8,0.9380555555555554,8,0.27648819847136064,8,0.17466526005037503,8,0.08581408150494099,8
local_exp4,deep4,8,mean_seeds_within_subject_then_mean_subjects,0.66625,8,0.66625,8,0.33249999999999996,8,0.5837337588297357,8,0.33249999999999996,8,0.7532222222222222,8,0.5534248536034,8,0.3934988170625551,8,0.13833061123887697,8
local_exp4,eegconformer,8,mean_seeds_within_subject_then_mean_subjects,0.8895833333333333,8,0.8895833333333334,8,0.7791666666666668,8,0.8878807284778969,8,0.7791666666666668,8,0.9562777777777778,8,0.3864276568148638,8,0.19305216989315557,8,0.09174789741635322,8
local_exp4,eegconformer_compact,8,mean_seeds_within_subject_then_mean_subjects,0.87375,8,0.87375,8,0.7475,8,0.8710143187401362,8,0.7475,8,0.9500277777777778,8,0.41783729183025026,8,0.21484492261108729,8,0.10580171597500643,8
local_exp4,atcnet,8,mean_seeds_within_subject_then_mean_subjects,0.8391666666666667,8,0.8391666666666667,8,0.6783333333333335,8,0.8320976919284139,8,0.6783333333333335,8,0.8923055555555557,8,0.33556822504210954,8,0.21233489040538905,8,0.07314228760699433,8
local_exp4,atcnet_aggressive_pool,8,mean_seeds_within_subject_then_mean_subjects,0.8670833333333334,8,0.8670833333333333,8,0.7341666666666666,8,0.8663118353947712,8,0.7341666666666666,8,0.9106944444444445,8,0.2728833168836219,8,0.1734176518036665,8,0.0655729725708564,8
local_exp4,fbcnet,8,mean_seeds_within_subject_then_mean_subjects,0.90625,8,0.90625,8,0.8125000000000001,8,0.9058507513789339,8,0.8125000000000001,8,0.9625833333333332,8,0.2308299268765961,8,0.13677541812031357,8,0.09392543820043406,8
local_exp4,cardinal_fbc,8,mean_seeds_within_subject_then_mean_subjects,0.8983333333333332,8,0.8983333333333332,8,0.7966666666666667,8,0.8977348149108524,8,0.7966666666666667,8,0.956,8,0.2443328982434077,8,0.1469217144811561,8,0.09160519878069559,8
local_exp4,cardinal_fbc_extended,8,mean_seeds_within_subject_then_mean_subjects,0.9066666666666666,8,0.9066666666666667,8,0.8133333333333335,8,0.9062650015829283,8,0.8133333333333335,8,0.9624722222222222,8,0.22994650255913862,8,0.13615017999000087,8,0.09400503565867742,8
local_exp4,cardinal_fbc_corr,8,mean_seeds_within_subject_then_mean_subjects,0.8887499999999999,8,0.8887499999999999,8,0.7775000000000001,8,0.8879125048206298,8,0.7775000000000001,8,0.9534444444444444,8,0.248610516801949,8,0.15175149813462802,8,0.08769473227361838,8
local_exp4,cardinal_fbc_corr_extended,8,mean_seeds_within_subject_then_mean_subjects,0.9033333333333333,8,0.9033333333333333,8,0.8066666666666668,8,0.9027190724856732,8,0.8066666666666666,8,0.9619722222222222,8,0.22887371320973746,8,0.13668866366383162,8,0.08642038568854332,8
local_exp4,cardinal_fbc_compactdyn,8,mean_seeds_within_subject_then_mean_subjects,0.8841666666666665,8,0.8841666666666668,8,0.7683333333333334,8,0.8824886881655721,8,0.7683333333333334,8,0.9536944444444444,8,0.2587583663769576,8,0.16046757963464475,8,0.09379943653941156,8
local_exp4,cardinal_fbc_compactdyn_extended,8,mean_seeds_within_subject_then_mean_subjects,0.9020833333333333,8,0.9020833333333333,8,0.8041666666666667,8,0.9013932320544011,8,0.8041666666666666,8,0.9575277777777778,8,0.23509362493345187,8,0.14172261737237354,8,0.08188031581540903,8
local_exp4,cardinal_fbc_compactdyn_scale010,8,mean_seeds_within_subject_then_mean_subjects,0.8941666666666667,8,0.8941666666666667,8,0.7883333333333333,8,0.8935974976885475,8,0.7883333333333333,8,0.9557777777777778,8,0.24616408957327318,8,0.14830716175660086,8,0.09709908152619998,8
local_exp4,cardinal_fbc_compactdyn_scale010_extended,8,mean_seeds_within_subject_then_mean_subjects,0.91,8,0.91,8,0.8200000000000001,8,0.9096107868372001,8,0.8200000000000001,8,0.9629166666666666,8,0.22697535259609702,8,0.13368459915549633,8,0.09401570091644923,8
local_exp4,cardinal_fbc_compactdyn_scale025,8,mean_seeds_within_subject_then_mean_subjects,0.89625,8,0.89625,8,0.7925,8,0.8958340195765774,8,0.7925,8,0.9574722222222223,8,0.24341653702487626,8,0.14717614047260952,8,0.09442536907891433,8
local_exp4,cardinal_fbc_compactdyn_scale025_extended,8,mean_seeds_within_subject_then_mean_subjects,0.9125,8,0.9125,8,0.825,8,0.9122170054446872,8,0.825,8,0.9642777777777778,8,0.2241230602588322,8,0.13182579985348702,8,0.08610465094447137,8
local_exp4,cardinal_fbc_micro,8,mean_seeds_within_subject_then_mean_subjects,0.8908333333333334,8,0.8908333333333334,8,0.7816666666666667,8,0.8898599457708871,8,0.7816666666666666,8,0.9517222222222224,8,0.2536202319922368,8,0.15299588918909468,8,0.09591361006100974,8
local_exp4,cardinal_fbc_micro_extended,8,mean_seeds_within_subject_then_mean_subjects,0.9075,8,0.9075,8,0.8150000000000001,8,0.9068054730705162,8,0.815,8,0.9634166666666666,8,0.23075980878399782,8,0.13704727772423267,8,0.08853596265117328,8
local_exp4,cardinal_fbc_physical,8,mean_seeds_within_subject_then_mean_subjects,0.895,8,0.895,8,0.7900000000000001,8,0.894420475411984,8,0.7900000000000001,8,0.9522777777777778,8,0.256310711090056,8,0.15504679681025813,8,0.09836695584158102,8
local_exp4,cardinal_fbc_physical_extended,8,mean_seeds_within_subject_then_mean_subjects,0.9079166666666667,8,0.9079166666666667,8,0.8158333333333334,8,0.907334408970947,8,0.8158333333333334,8,0.9637777777777778,8,0.23007113914605246,8,0.13674510579511395,8,0.09178240393598874,8
local_exp4,eegtcnet,8,mean_seeds_within_subject_then_mean_subjects,0.7083333333333333,8,0.7083333333333333,8,0.41666666666666674,8,0.6526017070694016,8,0.4166666666666667,8,0.74075,8,0.4756227864553253,8,0.32692845406889687,8,0.08086735067268212,8
local_exp4,fbmsnet,8,mean_seeds_within_subject_then_mean_subjects,0.9095833333333333,8,0.9095833333333333,8,0.8191666666666668,8,0.9091016601609114,8,0.8191666666666666,8,0.9643055555555555,8,0.2302997192253047,8,0.13563117975131223,8,0.0884181317438682,8
local_exp4,cardinal_fbms,8,mean_seeds_within_subject_then_mean_subjects,0.8920833333333333,8,0.8920833333333333,8,0.7841666666666667,8,0.890836205893197,8,0.7841666666666667,8,0.9500277777777778,8,0.2611040506194898,8,0.15919463840994874,8,0.09447277466456096,8
local_exp4,cardinal_fbms_extended,8,mean_seeds_within_subject_then_mean_subjects,0.90875,8,0.90875,8,0.8175000000000001,8,0.9083247989526798,8,0.8174999999999999,8,0.9639166666666668,8,0.2299928837239522,8,0.1353534553017056,8,0.08653458995123706,8
local_exp4,cardinal_mix,8,mean_seeds_within_subject_then_mean_subjects,0.8212499999999999,8,0.82125,8,0.6425,8,0.8104607239828094,8,0.6425,8,0.8803611111111111,8,0.3917767802697094,8,0.25289840172507083,8,0.11975136592984201,8
local_exp4,cardinal_mix_drop,8,mean_seeds_within_subject_then_mean_subjects,0.8316666666666667,8,0.8316666666666668,8,0.6633333333333334,8,0.8210386423794912,8,0.6633333333333333,8,0.8970555555555556,8,0.3543335743283309,8,0.22868358305985678,8,0.11722092767556509,8
local_exp4,ctnet,8,mean_seeds_within_subject_then_mean_subjects,0.8691666666666666,8,0.8691666666666666,8,0.7383333333333334,8,0.8615775040114017,8,0.7383333333333334,8,0.9187777777777778,8,0.2665622263908701,8,0.17199717597223826,8,0.07212933972477914,8
local_exp4,ctnet_compact,8,mean_seeds_within_subject_then_mean_subjects,0.8291666666666666,8,0.8291666666666666,8,0.6583333333333332,8,0.8202919022667056,8,0.6583333333333333,8,0.8793888888888889,8,0.3356389259160279,8,0.2221680422833172,8,0.08095872762302557,8
local_exp4,eegsym,8,mean_seeds_within_subject_then_mean_subjects,0.62625,8,0.62625,8,0.2525,8,0.5459541036337141,8,0.2525,8,0.6566319444444444,8,0.5595364139778882,8,0.39526164163398614,8,0.07061878355840842,8
local_exp4,eegsym_wide,8,mean_seeds_within_subject_then_mean_subjects,0.8620833333333333,8,0.8620833333333334,8,0.7241666666666666,8,0.8575770056291913,8,0.7241666666666666,8,0.9129722222222223,8,0.2817973609546508,8,0.17989428889373546,8,0.06596946790814401,8
local_exp4,tcformer,8,mean_seeds_within_subject_then_mean_subjects,0.9120833333333334,8,0.9120833333333334,8,0.8241666666666667,8,0.9034800454219578,8,0.8241666666666667,8,0.9525555555555556,8,0.19978555568275486,8,0.12189204335589343,8,0.05696687777837117,8
bnci2014_001,scope,9,mean_seeds_within_subject_then_mean_subjects,0.4358796296296296,9,0.4358796296296296,9,0.2478395061728395,9,0.40117578620243793,9,0.2478395061728395,9,0.7125246484910837,9,1.3957972477134841,9,0.7231114068443327,9,0.19831093751399972,9
bnci2014_001,free_scope,9,mean_seeds_within_subject_then_mean_subjects,0.5520061728395061,9,0.5520061728395061,9,0.4026748971193415,9,0.5297861803464635,9,0.40267489711934157,9,0.7993861096822131,9,1.0915222482978688,9,0.5836072661441566,9,0.1441527928352172,9
bnci2014_001,cardinal,9,mean_seeds_within_subject_then_mean_subjects,0.7010030864197532,9,0.7010030864197531,9,0.6013374485596708,9,0.6930787299883067,9,0.6013374485596708,9,0.9016789551897576,9,0.7571054373065663,9,0.41103325350694403,9,0.08692059809411014,9
bnci2014_001,free_cardinal,9,mean_seeds_within_subject_then_mean_subjects,0.7003086419753086,9,0.7003086419753086,9,0.6004115226337449,9,0.692104469644066,9,0.600411522633745,9,0.9017457561728395,9,0.7604248049956316,9,0.41283346888643146,9,0.08831435113133473,9
bnci2014_001,cardinal_dynamics,9,mean_seeds_within_subject_then_mean_subjects,0.7007716049382715,9,0.7007716049382715,9,0.6010288065843621,9,0.6954041459987818,9,0.6010288065843622,9,0.9006044238683129,9,0.7510373900349081,9,0.40793528570143583,9,0.08226876859035757,9
bnci2014_001,cardinal_dynamics_compact,9,mean_seeds_within_subject_then_mean_subjects,0.6983796296296296,9,0.6983796296296296,9,0.5978395061728395,9,0.6929887892216727,9,0.5978395061728395,9,0.8993655692729767,9,0.7483957589495958,9,0.40678877296596594,9,0.07309029516706496,9
bnci2014_001,cardinal_dynamics_extended,9,mean_seeds_within_subject_then_mean_subjects,0.7060956790123457,9,0.7060956790123457,9,0.608127572016461,9,0.7008729325499694,9,0.608127572016461,9,0.9028627972107911,9,0.7374011056426383,9,0.39988697727749356,9,0.07692532301822931,9
bnci2014_001,cardinal_dynamics_sinc,9,mean_seeds_within_subject_then_mean_subjects,0.7042438271604938,9,0.7042438271604938,9,0.6056584362139917,9,0.6972062172162725,9,0.6056584362139917,9,0.8997724479881115,9,0.7302959368472898,9,0.3968987022777395,9,0.07280159721863858,9
bnci2014_001,cardinal_dynamics_sinc_residual,9,mean_seeds_within_subject_then_mean_subjects,0.7064043209876543,9,0.7064043209876543,9,0.6085390946502058,9,0.7000156989575461,9,0.6085390946502057,9,0.9045488968907178,9,0.7206215965036997,9,0.3932317534284791,9,0.07381899117917558,9
bnci2014_001,cardinal_dynamics_sinc_extended,9,mean_seeds_within_subject_then_mean_subjects,0.7101851851851851,9,0.7101851851851851,9,0.6135802469135802,9,0.7034907852829472,9,0.6135802469135802,9,0.9077428412208506,9,0.7229458713096835,9,0.3931557581784224,9,0.07457586956428892,9
bnci2014_001,eegnet,9,mean_seeds_within_subject_then_mean_subjects,0.47530864197530864,9,0.47530864197530864,9,0.3004115226337448,9,0.40617346544679894,9,0.3004115226337448,9,0.7715686799839965,9,1.0366362019464364,9,0.5630458875141716,9,0.0678646420278115,9
bnci2014_001,shallow,9,mean_seeds_within_subject_then_mean_subjects,0.654398148148148,9,0.654398148148148,9,0.5391975308641975,9,0.6483941319757117,9,0.5391975308641974,9,0.870390374942844,9,0.8720166573942402,9,0.46957278175492323,9,0.09553118797226084,9
bnci2014_001,deep4,9,mean_seeds_within_subject_then_mean_subjects,0.31265432098765433,9,0.31265432098765433,9,0.08353909465020576,9,0.22434356051930232,9,0.08353909465020576,9,0.6452172996684956,9,1.3543725597595393,9,0.7347836189210845,9,0.08668386372105208,9
bnci2014_001,eegconformer,9,mean_seeds_within_subject_then_mean_subjects,0.6180555555555556,9,0.6180555555555556,9,0.4907407407407407,9,0.591990572484523,9,0.49074074074074076,9,0.8419465520690443,9,1.073087475018964,9,0.5344453239988747,9,0.16806600146271566,9
bnci2014_001,eegconformer_compact,9,mean_seeds_within_subject_then_mean_subjects,0.626003086419753,9,0.626003086419753,9,0.5013374485596708,9,0.5985253770761388,9,0.5013374485596709,9,0.843776434613626,9,1.0264033576827964,9,0.5124748483430062,9,0.1550916914931602,9
bnci2014_001,atcnet,9,mean_seeds_within_subject_then_mean_subjects,0.6277006172839507,9,0.6277006172839505,9,0.5036008230452675,9,0.6178963923659766,9,0.5036008230452675,9,0.8480245484682213,9,0.8634936556680264,9,0.4747875492655742,9,0.08772148023370976,9
bnci2014_001,atcnet_aggressive_pool,9,mean_seeds_within_subject_then_mean_subjects,0.619212962962963,9,0.619212962962963,9,0.4922839506172839,9,0.6067258652020862,9,0.4922839506172839,9,0.8404474594192959,9,0.8866005097103196,9,0.48622860024327846,9,0.0915021936742612,9
bnci2014_001,fbcnet,9,mean_seeds_within_subject_then_mean_subjects,0.7456018518518517,9,0.7456018518518519,9,0.6608024691358025,9,0.738639274827919,9,0.6608024691358024,9,0.9240204903978051,9,0.6595169485705117,9,0.3560924729215482,9,0.08983775812120717,9
bnci2014_001,cardinal_fbc,9,mean_seeds_within_subject_then_mean_subjects,0.7499228395061728,9,0.7499228395061728,9,0.6665637860082305,9,0.7422103316843621,9,0.6665637860082305,9,0.9247981681527206,9,0.6552969311893981,9,0.3528669362693206,9,0.09661770471728141,9
bnci2014_001,cardinal_fbc_extended,9,mean_seeds_within_subject_then_mean_subjects,0.7462191358024691,9,0.7462191358024691,9,0.6616255144032921,9,0.7389637382321925,9,0.6616255144032922,9,0.9236518347050754,9,0.6594325556927306,9,0.35543661526054543,9,0.09269645440357704,9
bnci2014_001,cardinal_fbc_corr,9,mean_seeds_within_subject_then_mean_subjects,0.7489197530864199,9,0.7489197530864199,9,0.6652263374485596,9,0.7403386690491444,9,0.6652263374485597,9,0.924861396890718,9,0.6558582720714001,9,0.3535478304645456,9,0.09116949929315367,9
bnci2014_001,cardinal_fbc_corr_extended,9,mean_seeds_within_subject_then_mean_subjects,0.7479938271604939,9,0.7479938271604938,9,0.6639917695473252,9,0.738775594032099,9,0.6639917695473252,9,0.9247574445587564,9,0.656730590429674,9,0.35428079457335215,9,0.09129977417810832,9
bnci2014_001,cardinal_fbc_compactdyn,9,mean_seeds_within_subject_then_mean_subjects,0.7535493827160494,9,0.7535493827160494,9,0.6713991769547325,9,0.7484190736751863,9,0.6713991769547325,9,0.9285665294924554,9,0.6360758201911205,9,0.342852841446971,9,0.08513071340405279,9
bnci2014_001,cardinal_fbc_compactdyn_extended,9,mean_seeds_within_subject_then_mean_subjects,0.7573302469135803,9,0.7573302469135803,9,0.6764403292181069,9,0.7523850052645771,9,0.6764403292181069,9,0.9290941500914494,9,0.6357502313434409,9,0.34244840311220626,9,0.08623857063551743,9
bnci2014_001,cardinal_fbc_compactdyn_scale010,9,mean_seeds_within_subject_then_mean_subjects,0.7510802469135803,9,0.7510802469135802,9,0.6681069958847736,9,0.7434653892888169,9,0.6681069958847736,9,0.925496542066758,9,0.6522276596376353,9,0.3511675332933023,9,0.0931983376726692,9
bnci2014_001,cardinal_fbc_compactdyn_scale010_extended,9,mean_seeds_within_subject_then_mean_subjects,0.748070987654321,9,0.7480709876543209,9,0.6640946502057613,9,0.7405736928255886,9,0.6640946502057613,9,0.9247356538637403,9,0.656984002875075,9,0.3543476203763519,9,0.09156431716257407,9
bnci2014_001,cardinal_fbc_compactdyn_scale025,9,mean_seeds_within_subject_then_mean_subjects,0.7548611111111112,9,0.7548611111111112,9,0.6731481481481482,9,0.7476644784910936,9,0.6731481481481482,9,0.9275938071559214,9,0.6441219215858579,9,0.34637384579071295,9,0.0930114257344861,9
bnci2014_001,cardinal_fbc_compactdyn_scale025_extended,9,mean_seeds_within_subject_then_mean_subjects,0.7546296296296295,9,0.7546296296296295,9,0.6728395061728395,9,0.7473653064567175,9,0.6728395061728395,9,0.9275395090306355,9,0.6447913124793303,9,0.34730391315530806,9,0.09249762812468372,9
bnci2014_001,cardinal_fbc_micro,9,mean_seeds_within_subject_then_mean_subjects,0.7513117283950618,9,0.7513117283950617,9,0.6684156378600823,9,0.7441674166390064,9,0.6684156378600823,9,0.9277892089620485,9,0.6448772165021757,9,0.34855446164717524,9,0.09050273917569422,9
bnci2014_001,cardinal_fbc_micro_extended,9,mean_seeds_within_subject_then_mean_subjects,0.7508487654320987,9,0.7508487654320987,9,0.6677983539094651,9,0.7434865163680411,9,0.6677983539094651,9,0.9285461676954733,9,0.6435811181448495,9,0.3478865760795775,9,0.08739925174295533,9
bnci2014_001,cardinal_fbc_physical,9,mean_seeds_within_subject_then_mean_subjects,0.7513117283950618,9,0.7513117283950617,9,0.6684156378600823,9,0.7438497366950962,9,0.6684156378600823,9,0.9277159779378145,9,0.6464568088677396,9,0.34911431930560827,9,0.08950922694057224,9
bnci2014_001,cardinal_fbc_physical_extended,9,mean_seeds_within_subject_then_mean_subjects,0.7478395061728395,9,0.7478395061728396,9,0.6637860082304526,9,0.740057174670243,9,0.6637860082304526,9,0.9277895661865571,9,0.6462153298165592,9,0.3490706355453408,9,0.08768907787255299,9
bnci2014_001,eegtcnet,9,mean_seeds_within_subject_then_mean_subjects,0.4773148148148148,9,0.4773148148148148,9,0.3030864197530864,9,0.42226934772760577,9,0.3030864197530864,9,0.7674250542981252,9,1.057263289103276,9,0.5936960535654311,9,0.07176870607575515,9
bnci2014_001,fbmsnet,9,mean_seeds_within_subject_then_mean_subjects,0.7422067901234567,9,0.7422067901234568,9,0.656275720164609,9,0.7369904496434799,9,0.6562757201646091,9,0.9176129543895747,9,0.667392423756678,9,0.36040147696049707,9,0.09250201657874349,9
bnci2014_001,cardinal_fbms,9,mean_seeds_within_subject_then_mean_subjects,0.7441358024691359,9,0.7441358024691359,9,0.6588477366255144,9,0.7390708563943386,9,0.6588477366255144,9,0.9181659379286695,9,0.6652991457198731,9,0.3593720019764147,9,0.0926816165746178,9
bnci2014_001,cardinal_fbms_extended,9,mean_seeds_within_subject_then_mean_subjects,0.7439043209876544,9,0.7439043209876544,9,0.6585390946502057,9,0.7388308729345376,9,0.6585390946502057,9,0.9181727251943302,9,0.6653316423280184,9,0.3593466605761988,9,0.09272778038119461,9
bnci2014_001,cardinal_mix,9,mean_seeds_within_subject_then_mean_subjects,0.7197530864197531,9,0.719753086419753,9,0.6263374485596708,9,0.7133365436441453,9,0.6263374485596708,9,0.9043377772062186,9,0.7237175609244303,9,0.3896995797695451,9,0.08096224660352792,9
bnci2014_001,cardinal_mix_drop,9,mean_seeds_within_subject_then_mean_subjects,0.7209104938271604,9,0.7209104938271603,9,0.627880658436214,9,0.7130019155838009,9,0.6278806584362139,9,0.9069530178326475,9,0.7039768228582203,9,0.3817055453972964,9,0.0732462060396318,9
bnci2014_001,ctnet,9,mean_seeds_within_subject_then_mean_subjects,0.6600308641975309,9,0.6600308641975308,9,0.5467078189300412,9,0.6493926335080801,9,0.5467078189300412,9,0.8738236596936443,9,0.8010514827892706,9,0.4409607158955004,9,0.07019134846136527,9
bnci2014_001,ctnet_compact,9,mean_seeds_within_subject_then_mean_subjects,0.5869598765432098,9,0.5869598765432098,9,0.4492798353909465,9,0.5682639806072614,9,0.4492798353909465,9,0.8315865054869684,9,0.8928117711514307,9,0.49993516815726696,9,0.06981451939331529,9
bnci2014_001,eegsym,9,mean_seeds_within_subject_then_mean_subjects,0.383179012345679,9,0.383179012345679,9,0.17757201646090534,9,0.2874324815164837,9,0.17757201646090534,9,0.693235596707819,9,1.2444030732925881,9,0.6796085716819535,9,0.09047002390165021,9
bnci2014_001,eegsym_wide,9,mean_seeds_within_subject_then_mean_subjects,0.5143518518518518,9,0.5143518518518518,9,0.3524691358024692,9,0.4630516094095095,9,0.35246913580246914,9,0.7854359567901235,9,1.107955470518388,9,0.5882491306696415,9,0.13193874033972805,9
bnci2014_001,tcformer,9,mean_seeds_within_subject_then_mean_subjects,0.7238425925925925,9,0.7238425925925925,9,0.6317901234567902,9,0.7098087779569352,9,0.6317901234567902,9,0.9041577360539552,9,0.6933632090613293,9,0.37122305735575695,9,0.08007523543718788,9
bnci2014_004,scope,9,mean_seeds_within_subject_then_mean_subjects,0.743125,9,0.743125,9,0.48625000000000007,9,0.7171018272999166,9,0.48624999999999996,9,0.8165001948696146,9,0.5768027318686728,9,0.3629186143711963,9,0.13092332219557157,9
bnci2014_004,free_scope,9,mean_seeds_within_subject_then_mean_subjects,0.7384623015873015,9,0.7384623015873015,9,0.47692460317460317,9,0.7095092888898609,9,0.47692460317460317,9,0.8239254357993198,9,0.6023296570617764,9,0.3742491267146699,9,0.13948131218729984,9
bnci2014_004,cardinal,9,mean_seeds_within_subject_then_mean_subjects,0.7461904761904763,9,0.7461904761904762,9,0.4923809523809523,9,0.7139070599112256,9,0.49238095238095236,9,0.8501421485260771,9,0.5539972024195855,9,0.35731177623878696,9,0.12832069794336956,9
bnci2014_004,free_cardinal,9,mean_seeds_within_subject_then_mean_subjects,0.7604365079365079,9,0.760436507936508,9,0.5208730158730159,9,0.7374485293744961,9,0.5208730158730159,9,0.8524195188492064,9,0.5110831410268476,9,0.33234234967024273,9,0.10736016058732593,9
bnci2014_004,cardinal_dynamics,9,mean_seeds_within_subject_then_mean_subjects,0.7820039682539682,9,0.7820039682539682,9,0.5640079365079366,9,0.7729192235177496,9,0.5640079365079366,9,0.8503229520975056,9,0.4253742356103446,9,0.2780213647930627,9,0.06307113507614721,9
bnci2014_004,cardinal_dynamics_compact,9,mean_seeds_within_subject_then_mean_subjects,0.788125,9,0.788125,9,0.5762499999999999,9,0.7807182210940636,9,0.5762499999999999,9,0.8517147285997733,9,0.4188951140403343,9,0.27298318438830177,9,0.06032340223354006,9
bnci2014_004,cardinal_dynamics_extended,9,mean_seeds_within_subject_then_mean_subjects,0.7813492063492063,9,0.7813492063492063,9,0.5626984126984128,9,0.7771832211331997,9,0.5626984126984127,9,0.8527476615646258,9,0.4279331106314508,9,0.27725678093959993,9,0.06428058735967156,9
bnci2014_004,cardinal_dynamics_sinc,9,mean_seeds_within_subject_then_mean_subjects,0.787986111111111,9,0.7879861111111112,9,0.5759722222222222,9,0.7831973301597622,9,0.5759722222222222,9,0.8520022498582767,9,0.40581410712731025,9,0.2662187134100058,9,0.05784111034598142,9
bnci2014_004,cardinal_dynamics_sinc_residual,9,mean_seeds_within_subject_then_mean_subjects,0.7892063492063492,9,0.7892063492063492,9,0.5784126984126985,9,0.7860772842126098,9,0.5784126984126984,9,0.8563585955215419,9,0.40531219687340475,9,0.2658374050421819,9,0.05431908051764209,9
bnci2014_004,cardinal_dynamics_sinc_extended,9,mean_seeds_within_subject_then_mean_subjects,0.789623015873016,9,0.789623015873016,9,0.5792460317460317,9,0.7845635232555339,9,0.5792460317460317,9,0.8516437783446711,9,0.40584626919322303,9,0.2668163477950802,9,0.056920755341175994,9
bnci2014_004,eegnet,9,mean_seeds_within_subject_then_mean_subjects,0.7278670634920634,9,0.7278670634920634,9,0.45573412698412696,9,0.6840961947980827,9,0.45573412698412696,9,0.7821476713081066,9,0.4554714531617625,9,0.30601339641300757,9,0.0368837968336921,9
bnci2014_004,shallow,9,mean_seeds_within_subject_then_mean_subjects,0.7738888888888888,9,0.7738888888888887,9,0.5477777777777777,9,0.7664169410759986,9,0.5477777777777777,9,0.8437283340419501,9,0.4672992137365053,9,0.3041324966322366,9,0.08626395170000338,9
bnci2014_004,deep4,9,mean_seeds_within_subject_then_mean_subjects,0.7003472222222222,9,0.7003472222222222,9,0.4006944444444444,9,0.6437728201921131,9,0.4006944444444444,9,0.7826783234126986,9,0.5175149475271841,9,0.3583338892422704,9,0.10246910159904804,9
bnci2014_004,eegconformer,9,mean_seeds_within_subject_then_mean_subjects,0.7820039682539683,9,0.7820039682539683,9,0.5640079365079366,9,0.7610320029032223,9,0.5640079365079366,9,0.859224330357143,9,0.43635932472243627,9,0.2814448237489939,9,0.07011869506407824,9
bnci2014_004,eegconformer_compact,9,mean_seeds_within_subject_then_mean_subjects,0.777063492063492,9,0.777063492063492,9,0.554126984126984,9,0.7541426378504704,9,0.554126984126984,9,0.8539646045918368,9,0.46328061005910626,9,0.29690786798118424,9,0.07901804470590183,9
bnci2014_004,atcnet,9,mean_seeds_within_subject_then_mean_subjects,0.7814980158730159,9,0.7814980158730159,9,0.5629960317460317,9,0.7630374360593613,9,0.5629960317460317,9,0.8524018920068027,9,0.4098042239222507,9,0.2710871043865823,9,0.05894218471847357,9
bnci2014_004,atcnet_aggressive_pool,9,mean_seeds_within_subject_then_mean_subjects,0.7796329365079365,9,0.7796329365079365,9,0.559265873015873,9,0.7652853073759509,9,0.559265873015873,9,0.8474972363945579,9,0.4224691662297048,9,0.2721610172818941,9,0.06306963648587939,9
bnci2014_004,fbcnet,9,mean_seeds_within_subject_then_mean_subjects,0.7681646825396826,9,0.7681646825396826,9,0.536329365079365,9,0.7496115741446255,9,0.536329365079365,9,0.8597619579081633,9,0.4675906615838045,9,0.3073731742240729,9,0.08581552232896525,9
bnci2014_004,cardinal_fbc,9,mean_seeds_within_subject_then_mean_subjects,0.7718353174603174,9,0.7718353174603174,9,0.5436706349206349,9,0.7548632963505447,9,0.5436706349206349,9,0.8597182451105442,9,0.4395485657379632,9,0.2938919721309404,9,0.07784769133502055,9
bnci2014_004,cardinal_fbc_extended,9,mean_seeds_within_subject_then_mean_subjects,0.7670436507936508,9,0.7670436507936508,9,0.5340873015873017,9,0.7463573892414437,9,0.5340873015873017,9,0.8598097541099774,9,0.46292145248457195,9,0.30769679678118467,9,0.08769687114194745,9
bnci2014_004,cardinal_fbc_corr,9,mean_seeds_within_subject_then_mean_subjects,0.7644246031746031,9,0.7644246031746031,9,0.5288492063492064,9,0.7384266937541565,9,0.5288492063492064,9,0.8572985933956915,9,0.5013143852422204,9,0.32589343032479146,9,0.10502536056533693,9
bnci2014_004,cardinal_fbc_corr_extended,9,mean_seeds_within_subject_then_mean_subjects,0.7594146825396826,9,0.7594146825396826,9,0.5188293650793652,9,0.7393333552405843,9,0.5188293650793652,9,0.8566298363095238,9,0.48911251531140487,9,0.322304522848668,9,0.09729652074594347,9
bnci2014_004,cardinal_fbc_compactdyn,9,mean_seeds_within_subject_then_mean_subjects,0.7818749999999999,9,0.7818749999999999,9,0.5637500000000001,9,0.7574727822903996,9,0.5637500000000001,9,0.8612693275226758,9,0.4898062534448655,9,0.30626107837034744,9,0.09795095891588262,9
bnci2014_004,cardinal_fbc_compactdyn_extended,9,mean_seeds_within_subject_then_mean_subjects,0.7761210317460319,9,0.7761210317460319,9,0.5522420634920634,9,0.7486448825926773,9,0.5522420634920634,9,0.861523937960601,9,0.5090513758840944,9,0.31908035006454005,9,0.10663567503175092,9
bnci2014_004,cardinal_fbc_compactdyn_scale010,9,mean_seeds_within_subject_then_mean_subjects,0.7672222222222222,9,0.7672222222222222,9,0.5344444444444444,9,0.7453089521750309,9,0.5344444444444444,9,0.8634190582482993,9,0.4541015634072699,9,0.3035438353641439,9,0.09125808555987619,9
bnci2014_004,cardinal_fbc_compactdyn_scale010_extended,9,mean_seeds_within_subject_then_mean_subjects,0.7733829365079364,9,0.7733829365079364,9,0.546765873015873,9,0.7568375701535209,9,0.546765873015873,9,0.8632814625850341,9,0.4411866191796175,9,0.29365015277122075,9,0.08481222222603502,9
bnci2014_004,cardinal_fbc_compactdyn_scale025,9,mean_seeds_within_subject_then_mean_subjects,0.7710218253968253,9,0.7710218253968253,9,0.5420436507936509,9,0.7429163104332546,9,0.5420436507936508,9,0.8633899518140589,9,0.48320290008442535,9,0.31426677159564254,9,0.10289914695752991,9
bnci2014_004,cardinal_fbc_compactdyn_scale025_extended,9,mean_seeds_within_subject_then_mean_subjects,0.7792361111111111,9,0.7792361111111111,9,0.5584722222222223,9,0.7562937254338531,9,0.5584722222222223,9,0.8633997351544784,9,0.45234689185558924,9,0.2992732759886632,9,0.09483874647922459,9
bnci2014_004,cardinal_fbc_micro,9,mean_seeds_within_subject_then_mean_subjects,0.7761507936507936,9,0.7761507936507936,9,0.5523015873015873,9,0.7571659966713302,9,0.5523015873015873,9,0.8607935445011338,9,0.47633201358026256,9,0.3046658723337057,9,0.08743015154368347,9
bnci2014_004,cardinal_fbc_micro_extended,9,mean_seeds_within_subject_then_mean_subjects,0.7622023809523808,9,0.7622023809523808,9,0.5244047619047619,9,0.7345037468964919,9,0.5244047619047619,9,0.8610942991780046,9,0.4993006637500195,9,0.32360784003239157,9,0.10540835377006304,9
bnci2014_004,cardinal_fbc_physical,9,mean_seeds_within_subject_then_mean_subjects,0.775327380952381,9,0.775327380952381,9,0.5506547619047618,9,0.7548182228704579,9,0.5506547619047618,9,0.8608162202380952,9,0.4811181215000882,9,0.30714137161360844,9,0.09450326792895795,9
bnci2014_004,cardinal_fbc_physical_extended,9,mean_seeds_within_subject_then_mean_subjects,0.7761706349206349,9,0.7761706349206349,9,0.5523412698412699,9,0.747739237902786,9,0.5523412698412699,9,0.8614244215915532,9,0.4874193130441546,9,0.31332186014425667,9,0.10537199950525686,9
bnci2014_004,eegtcnet,9,mean_seeds_within_subject_then_mean_subjects,0.7313293650793651,9,0.7313293650793651,9,0.46265873015873016,9,0.6775022124381007,9,0.46265873015873016,9,0.7928812579719389,9,0.4620608284298793,9,0.3136988302409901,9,0.055691759016897,9
bnci2014_004,fbmsnet,9,mean_seeds_within_subject_then_mean_subjects,0.7748015873015873,9,0.7748015873015872,9,0.5496031746031746,9,0.7617110773959029,9,0.5496031746031746,9,0.8589965366354875,9,0.4875991356977434,9,0.29983535517147747,9,0.07699153690998044,9
bnci2014_004,cardinal_fbms,9,mean_seeds_within_subject_then_mean_subjects,0.7732738095238096,9,0.7732738095238095,9,0.546547619047619,9,0.7604961239848468,9,0.5465476190476192,9,0.8589013915462018,9,0.48821875369394896,9,0.3004903252617883,9,0.07821883794511594,9
bnci2014_004,cardinal_fbms_extended,9,mean_seeds_within_subject_then_mean_subjects,0.7760813492063492,9,0.7760813492063492,9,0.5521626984126984,9,0.7618861335178126,9,0.5521626984126984,9,0.8586672424178003,9,0.48266407631737146,9,0.2963095930787747,9,0.07742399002233195,9
bnci2014_004,cardinal_mix,9,mean_seeds_within_subject_then_mean_subjects,0.7767658730158731,9,0.7767658730158731,9,0.5535317460317462,9,0.7580834303609124,9,0.5535317460317462,9,0.8548194444444445,9,0.49172391355475814,9,0.31190641320927764,9,0.09423845204687308,9
bnci2014_004,cardinal_mix_drop,9,mean_seeds_within_subject_then_mean_subjects,0.7769940476190477,9,0.7769940476190477,9,0.5539880952380953,9,0.7549470440309467,9,0.5539880952380953,9,0.8588843360260772,9,0.46981741035748975,9,0.3064759800912229,9,0.0929170198815446,9
bnci2014_004,ctnet,9,mean_seeds_within_subject_then_mean_subjects,0.7865277777777778,9,0.7865277777777778,9,0.5730555555555557,9,0.7780391244366507,9,0.5730555555555555,9,0.8598705534297052,9,0.4131042024357705,9,0.2704035239206026,9,0.059707211766332854,9
bnci2014_004,ctnet_compact,9,mean_seeds_within_subject_then_mean_subjects,0.7777380952380953,9,0.7777380952380953,9,0.5554761904761905,9,0.7630926346910771,9,0.5554761904761905,9,0.8513741142290249,9,0.41670026763304757,9,0.2749058529589913,9,0.0584543584263514,9
bnci2014_004,eegsym,9,mean_seeds_within_subject_then_mean_subjects,0.6306646825396826,9,0.6306646825396826,9,0.2613293650793651,9,0.5636597783090441,9,0.26132936507936505,9,0.6956838019061791,9,0.5764265999886544,9,0.4065757445068731,9,0.05401067134229436,9
bnci2014_004,eegsym_wide,9,mean_seeds_within_subject_then_mean_subjects,0.7829563492063492,9,0.7829563492063492,9,0.5659126984126984,9,0.7620684513546911,9,0.5659126984126984,9,0.8527449688208617,9,0.3973699237328055,9,0.2617711434572715,9,0.05317584750671235,9
bnci2014_004,tcformer,9,mean_seeds_within_subject_then_mean_subjects,0.7799999999999999,9,0.7799999999999999,9,0.56,9,0.7485191347383993,9,0.56,9,0.8412935090702949,9,0.41560813071189723,9,0.27120645847952635,9,0.052674677473093776,9
cho2017,scope,52,mean_seeds_within_subject_then_mean_subjects,0.5694967948717949,52,0.5694967948717948,52,0.13899358974358972,52,0.5544928970450976,52,0.13899358974358972,52,0.5913513034188035,52,0.847766925494207,52,0.5736503606796693,52,0.21126429400000818,52
cho2017,free_scope,52,mean_seeds_within_subject_then_mean_subjects,0.5978621794871796,52,0.5978621794871796,52,0.19572435897435897,52,0.5836742822429271,52,0.19572435897435897,52,0.6312593589743589,52,0.7804001654684873,52,0.5294170059561512,52,0.18768377625388213,52
cho2017,cardinal,52,mean_seeds_within_subject_then_mean_subjects,0.6784839743589743,52,0.6784839743589745,52,0.35696794871794874,52,0.6741598959964962,52,0.35696794871794874,52,0.728280502136752,52,0.6074566867865591,52,0.41598093316317125,52,0.11883731941821482,52
cho2017,free_cardinal,52,mean_seeds_within_subject_then_mean_subjects,0.6778301282051283,52,0.6778301282051283,52,0.3556602564102564,52,0.6735134159498049,52,0.3556602564102564,52,0.7278172863247863,52,0.608264368403315,52,0.4165969741804973,52,0.12025024812076338,52
cho2017,cardinal_dynamics,52,mean_seeds_within_subject_then_mean_subjects,0.7043846153846154,52,0.7043846153846154,52,0.4087692307692308,52,0.7015555703739313,52,0.4087692307692308,52,0.7548552243589743,52,0.5436612606238849,52,0.37118316007336044,52,0.08628509655250954,52
cho2017,cardinal_dynamics_compact,52,mean_seeds_within_subject_then_mean_subjects,0.7027916666666667,52,0.7027916666666667,52,0.40558333333333335,52,0.6996710851017954,52,0.40558333333333335,52,0.7551354380341879,52,0.5404657120686986,52,0.3692467865992396,52,0.08333214005407615,52
cho2017,cardinal_dynamics_extended,52,mean_seeds_within_subject_then_mean_subjects,0.7021378205128204,52,0.7021378205128206,52,0.40427564102564106,52,0.6994288421276854,52,0.40427564102564106,52,0.7542289636752135,52,0.5419803748413574,52,0.3707030600279651,52,0.08725413097116429,52
cho2017,cardinal_dynamics_sinc,52,mean_seeds_within_subject_then_mean_subjects,0.6887371794871794,52,0.6887371794871794,52,0.37747435897435905,52,0.6869887095482488,52,0.37747435897435905,52,0.7393334615384616,52,0.5529796668103708,52,0.37933530624723694,52,0.08469559113432965,52
cho2017,cardinal_dynamics_sinc_residual,52,mean_seeds_within_subject_then_mean_subjects,0.6953878205128206,52,0.6953878205128206,52,0.39077564102564105,52,0.6936115191108082,52,0.39077564102564105,52,0.7449866880341881,52,0.5471105023111401,52,0.3744416741341455,52,0.08007686338287133,52
cho2017,cardinal_dynamics_sinc_extended,52,mean_seeds_within_subject_then_mean_subjects,0.6923461538461539,52,0.6923461538461539,52,0.3846923076923077,52,0.6901928955771186,52,0.3846923076923077,52,0.7407065384615384,52,0.5508571492951178,52,0.3773232833054293,52,0.08451207584028059,52
cho2017,eegnet,52,mean_seeds_within_subject_then_mean_subjects,0.6331282051282051,52,0.6331282051282051,52,0.2662564102564102,52,0.6102552037615117,52,0.2662564102564102,52,0.6883196768162393,52,0.5855292313989755,52,0.4070491166071705,52,0.05971249549893233,52
cho2017,shallow,52,mean_seeds_within_subject_then_mean_subjects,0.681701923076923,52,0.681701923076923,52,0.36340384615384613,52,0.6770555465623921,52,0.36340384615384613,52,0.7339449786324787,52,0.6481060164483231,52,0.42843611021618827,52,0.13607159207990535,52
cho2017,deep4,52,mean_seeds_within_subject_then_mean_subjects,0.5548044871794872,52,0.5548044871794872,52,0.10960897435897435,52,0.5129246702788823,52,0.10960897435897435,52,0.5864135042735042,52,0.6957210173036145,52,0.5003150358810863,52,0.12030051856717237,52
cho2017,eegconformer,52,mean_seeds_within_subject_then_mean_subjects,0.6592339743589742,52,0.6592339743589742,52,0.3184679487179487,52,0.6492403311208845,52,0.3184679487179487,52,0.7083426602564102,52,0.7276606303376217,52,0.4522398466290675,52,0.14399112259577482,52
cho2017,eegconformer_compact,52,mean_seeds_within_subject_then_mean_subjects,0.6547371794871796,52,0.6547371794871796,52,0.309474358974359,52,0.6388773624123398,52,0.309474358974359,52,0.708386314102564,52,0.733734545570232,52,0.4578329378397624,52,0.15077014733010377,52
cho2017,atcnet,52,mean_seeds_within_subject_then_mean_subjects,0.6524230769230768,52,0.6524230769230768,52,0.3048461538461539,52,0.6419989926203613,52,0.3048461538461539,52,0.6976094871794872,52,0.5804010363649671,52,0.40248697811735307,52,0.07441306582704568,52
cho2017,atcnet_aggressive_pool,52,mean_seeds_within_subject_then_mean_subjects,0.6347371794871796,52,0.6347371794871796,52,0.26947435897435895,52,0.6255726912558697,52,0.26947435897435895,52,0.6693947222222222,52,0.5969082836851805,52,0.415670996560435,52,0.07004552175620428,52
cho2017,fbcnet,52,mean_seeds_within_subject_then_mean_subjects,0.6959903846153845,52,0.6959903846153845,52,0.3919807692307693,52,0.6890110307566756,52,0.3919807692307693,52,0.7411666346153847,52,0.6358696633987412,52,0.4130861723376264,52,0.13162651529335057,52
cho2017,cardinal_fbc,52,mean_seeds_within_subject_then_mean_subjects,0.6953653846153844,52,0.6953653846153844,52,0.39073076923076927,52,0.6879895785813435,52,0.3907307692307692,52,0.741582841880342,52,0.6339971391932757,52,0.4121099012209465,52,0.1305190427192511,52
cho2017,cardinal_fbc_extended,52,mean_seeds_within_subject_then_mean_subjects,0.6965961538461537,52,0.6965961538461537,52,0.3931923076923078,52,0.6892747587094346,52,0.3931923076923078,52,0.7421013701923076,52,0.6318116667077701,52,0.41111198091905327,52,0.12880126082247648,52
cho2017,cardinal_fbc_corr,52,mean_seeds_within_subject_then_mean_subjects,0.7015673076923077,52,0.7015673076923077,52,0.4031346153846154,52,0.694827073271271,52,0.4031346153846154,52,0.7481418269230768,52,0.6174714365590046,52,0.4024047993265132,52,0.12448076574217816,52
cho2017,cardinal_fbc_corr_extended,52,mean_seeds_within_subject_then_mean_subjects,0.7003589743589745,52,0.7003589743589745,52,0.40071794871794875,52,0.6936626504617005,52,0.40071794871794875,52,0.7502971688034188,52,0.6187899211446111,52,0.40229185997885486,52,0.12555249384733347,52
cho2017,cardinal_fbc_compactdyn,52,mean_seeds_within_subject_then_mean_subjects,0.7111698717948719,52,0.7111698717948719,52,0.4223397435897436,52,0.7037804103664599,52,0.42233974358974363,52,0.7599601816239316,52,0.6314977454765256,52,0.4003338558232104,52,0.13214320531965065,52
cho2017,cardinal_fbc_compactdyn_extended,52,mean_seeds_within_subject_then_mean_subjects,0.7114871794871794,52,0.7114871794871794,52,0.422974358974359,52,0.7031730168987073,52,0.422974358974359,52,0.7614534188034188,52,0.6325741282388784,52,0.40160130658746473,52,0.13159592129729497,52
cho2017,cardinal_fbc_compactdyn_scale010,52,mean_seeds_within_subject_then_mean_subjects,0.6995224358974359,52,0.6995224358974357,52,0.39904487179487175,52,0.6923584514475254,52,0.39904487179487175,52,0.7456997115384615,52,0.6288065960614657,52,0.4075669119240095,52,0.1305644343052155,52
cho2017,cardinal_fbc_compactdyn_scale010_extended,52,mean_seeds_within_subject_then_mean_subjects,0.6999391025641025,52,0.6999391025641025,52,0.39987820512820516,52,0.692875889062941,52,0.39987820512820516,52,0.7456788675213676,52,0.6285507598983823,52,0.40713618893064296,52,0.12931673428989376,52
cho2017,cardinal_fbc_compactdyn_scale025,52,mean_seeds_within_subject_then_mean_subjects,0.7099166666666665,52,0.7099166666666665,52,0.4198333333333333,52,0.7038703093860715,52,0.41983333333333334,52,0.7581794337606839,52,0.6052841311395525,52,0.39199655395483557,52,0.12225860309753663,52
cho2017,cardinal_fbc_compactdyn_scale025_extended,52,mean_seeds_within_subject_then_mean_subjects,0.7124551282051281,52,0.7124551282051281,52,0.4249102564102563,52,0.7067917614433535,52,0.4249102564102563,52,0.7605003205128203,52,0.6031753793723741,52,0.3901913391925414,52,0.12330333029879974,52
cho2017,cardinal_fbc_micro,52,mean_seeds_within_subject_then_mean_subjects,0.6996249999999999,52,0.6996249999999999,52,0.39925000000000005,52,0.6927095628843829,52,0.39925,52,0.746457905982906,52,0.6252487697236192,52,0.40705094041979023,52,0.12982124042893067,52
cho2017,cardinal_fbc_micro_extended,52,mean_seeds_within_subject_then_mean_subjects,0.702349358974359,52,0.702349358974359,52,0.4046987179487178,52,0.695513191104612,52,0.4046987179487179,52,0.7485367414529913,52,0.6293577347705087,52,0.4058550879611771,52,0.13078033154113933,52
cho2017,cardinal_fbc_physical,52,mean_seeds_within_subject_then_mean_subjects,0.7003205128205128,52,0.7003205128205128,52,0.4006410256410256,52,0.6942943459816893,52,0.4006410256410256,52,0.7471758119658118,52,0.6289840298792408,52,0.4076738617670219,52,0.1322619271945113,52
cho2017,cardinal_fbc_physical_extended,52,mean_seeds_within_subject_then_mean_subjects,0.7010705128205128,52,0.7010705128205128,52,0.40214102564102566,52,0.6944007299297853,52,0.40214102564102566,52,0.747192777777778,52,0.6301340917744607,52,0.4077248719557108,52,0.13201193478722606,52
cho2017,eegtcnet,52,mean_seeds_within_subject_then_mean_subjects,0.5673942307692307,52,0.5673942307692307,52,0.13478846153846152,52,0.4930509878103162,52,0.13478846153846152,52,0.5916616159188034,52,0.6506704045013141,52,0.4647623175530694,52,0.058724115068522785,52
cho2017,fbmsnet,52,mean_seeds_within_subject_then_mean_subjects,0.6893076923076923,52,0.6893076923076923,52,0.3786153846153845,52,0.6832326143893559,52,0.3786153846153846,52,0.7369285897435898,52,0.6335426986663213,52,0.4122642064655195,52,0.12621258501612986,52
cho2017,cardinal_fbms,52,mean_seeds_within_subject_then_mean_subjects,0.6894134615384618,52,0.6894134615384618,52,0.3788269230769231,52,0.6832951530708218,52,0.3788269230769231,52,0.7369483760683759,52,0.6327186121864335,52,0.41205666547435094,52,0.12649810926807234,52
cho2017,cardinal_fbms_extended,52,mean_seeds_within_subject_then_mean_subjects,0.6894551282051282,52,0.6894551282051282,52,0.3789102564102564,52,0.6833792498899864,52,0.3789102564102564,52,0.7366973183760683,52,0.6335009829956609,52,0.4122865519919691,52,0.12567291121318555,52
cho2017,cardinal_mix,52,mean_seeds_within_subject_then_mean_subjects,0.6719423076923078,52,0.6719423076923078,52,0.34388461538461534,52,0.6646422587734827,52,0.34388461538461534,52,0.7202587286324788,52,0.6206373690691436,52,0.4237605048366019,52,0.1263131658318333,52
cho2017,cardinal_mix_drop,52,mean_seeds_within_subject_then_mean_subjects,0.6809519230769231,52,0.6809519230769231,52,0.3619038461538462,52,0.6750535582335195,52,0.3619038461538462,52,0.7299982158119658,52,0.5986493391946748,52,0.40972299768489506,52,0.11884877592134169,52
cho2017,ctnet,52,mean_seeds_within_subject_then_mean_subjects,0.6510641025641027,52,0.6510641025641027,52,0.3021282051282051,52,0.6342545239816204,52,0.3021282051282051,52,0.6913476709401709,52,0.5953686329300314,52,0.41738367406720944,52,0.10108219171582888,52
cho2017,ctnet_compact,52,mean_seeds_within_subject_then_mean_subjects,0.6171923076923076,52,0.6171923076923077,52,0.23438461538461536,52,0.6016943082388109,52,0.23438461538461536,52,0.6488530235042735,52,0.6124101969339131,52,0.4333417012323815,52,0.07168131523655775,52
cho2017,eegsym,52,mean_seeds_within_subject_then_mean_subjects,0.536,52,0.536,52,0.07200000000000002,52,0.46115390242896803,52,0.07200000000000001,52,0.5514049439102563,52,0.6680198800410382,52,0.47965879508658554,52,0.03491884363691012,52
cho2017,eegsym_wide,52,mean_seeds_within_subject_then_mean_subjects,0.6064198717948718,52,0.6064198717948718,52,0.2128397435897436,52,0.5806937342822376,52,0.2128397435897436,52,0.6448543910256409,52,0.6176312218730905,52,0.43421289094332016,52,0.07403963063599973,52
cho2017,tcformer,52,mean_seeds_within_subject_then_mean_subjects,0.6946570512820514,52,0.6946570512820514,52,0.3893141025641026,52,0.6813315854756522,52,0.38931410256410265,52,0.7524524465811967,52,0.5463521870567949,52,0.3710753078412239,52,0.0785789854730933,52
physionet_mi,scope,54,mean_seeds_within_subject_then_mean_subjects,0.5233744855967077,54,0.5229605841018885,54,0.045921168203776876,54,0.4962776521723694,54,0.045829788725519044,54,0.5363319182159763,54,0.9428775458638172,54,0.6367157224310388,54,0.276732802322372,54
physionet_mi,free_scope,54,mean_seeds_within_subject_then_mean_subjects,0.5440329218106996,54,0.5429078134694076,54,0.08581562693881535,54,0.5150602291462393,54,0.08573003702454046,54,0.5656105859608276,54,0.9006633841355123,54,0.6108815006007717,54,0.2650304187570579,54
physionet_mi,cardinal,54,mean_seeds_within_subject_then_mean_subjects,0.5846090534979423,54,0.5826036416616126,54,0.16520728332322532,54,0.5712572239946409,54,0.16555209612788976,54,0.6164378719330409,54,0.7384574994642651,54,0.5188566397000188,54,0.1976964623986939,54
physionet_mi,free_cardinal,54,mean_seeds_within_subject_then_mean_subjects,0.5841975308641975,54,0.58217239684631,54,0.16434479369261973,54,0.5705205169690152,54,0.1647013181284614,54,0.6155652452753902,54,0.7401554400578988,54,0.519949354448322,54,0.19884569619418174,54
physionet_mi,cardinal_dynamics,54,mean_seeds_within_subject_then_mean_subjects,0.5895473251028807,54,0.588414467309395,54,0.17682893461878968,54,0.5685004567694837,54,0.1767935852372347,54,0.617931878016419,54,0.6855589030134629,54,0.4839008289879636,54,0.1710414210513786,54
physionet_mi,cardinal_dynamics_compact,54,mean_seeds_within_subject_then_mean_subjects,0.5881481481481481,54,0.5874385678733505,54,0.1748771357467009,54,0.567867936121723,54,0.17509858146450513,54,0.6189585932943422,54,0.679119364772433,54,0.4803370399828311,54,0.16580912449722915,54
physionet_mi,cardinal_dynamics_extended,54,mean_seeds_within_subject_then_mean_subjects,0.5874074074074074,54,0.5857358958808234,54,0.17147179176164679,54,0.5614755900872688,54,0.1718715343878026,54,0.6141248870113605,54,0.6801462601981499,54,0.4820267988463596,54,0.1706951677848282,54
physionet_mi,cardinal_dynamics_sinc,54,mean_seeds_within_subject_then_mean_subjects,0.5693827160493827,54,0.5677693515555835,54,0.13553870311116686,54,0.5595794583309567,54,0.13589777973988296,54,0.5954976205580071,54,0.68372299232081,54,0.4834083554131457,54,0.1592850200335185,54
physionet_mi,cardinal_dynamics_sinc_residual,54,mean_seeds_within_subject_then_mean_subjects,0.5792592592592593,54,0.5783640406828813,54,0.1567280813657625,54,0.5641691093195906,54,0.15691214974033726,54,0.6032481764969688,54,0.6770497845516537,54,0.4780006606782041,54,0.15447114525999062,54
physionet_mi,cardinal_dynamics_sinc_extended,54,mean_seeds_within_subject_then_mean_subjects,0.5753086419753086,54,0.5749633585684312,54,0.14992671713686206,54,0.559352943552487,54,0.15018432151638528,54,0.6015424837284741,54,0.6808213458888638,54,0.48159985758758106,54,0.15932002141151896,54
physionet_mi,eegnet,54,mean_seeds_within_subject_then_mean_subjects,0.5241975308641975,54,0.5198470209339774,54,0.039694041867954895,54,0.4726306342954017,54,0.039889285772565286,54,0.5394016293019916,54,0.6841816546958914,54,0.49144616067502195,54,0.0751555169757011,54
physionet_mi,shallow,54,mean_seeds_within_subject_then_mean_subjects,0.5672427983539093,54,0.5660749576510447,54,0.1321499153020892,54,0.5496180821380295,54,0.13207867027825693,54,0.5906883999879169,54,0.9306040163138696,54,0.5943282636761101,54,0.2590644757001979,54
physionet_mi,deep4,54,mean_seeds_within_subject_then_mean_subjects,0.5153086419753086,54,0.5115683229813665,54,0.023136645962732905,54,0.47753529494618946,54,0.02317069263247759,54,0.5311101003129989,54,0.7522731189618839,54,0.5321809189209733,54,0.14078200278458772,54
physionet_mi,eegconformer,54,mean_seeds_within_subject_then_mean_subjects,0.5721810699588478,54,0.5708521115224013,54,0.14170422304480276,54,0.5303682555260463,54,0.14171583629355203,54,0.608915733130709,54,0.9298380291384839,54,0.5384741118273905,54,0.18208021820817952,54
physionet_mi,eegconformer_compact,54,mean_seeds_within_subject_then_mean_subjects,0.5753086419753086,54,0.5729970948268049,54,0.14599418965360997,54,0.5354070871263393,54,0.146003291346751,54,0.6056617184032644,54,0.8854219046497087,54,0.5309732860073284,54,0.17787756171246122,54
physionet_mi,atcnet,54,mean_seeds_within_subject_then_mean_subjects,0.5591769547325103,54,0.5577247195906617,54,0.11544943918132322,54,0.5378239320611522,54,0.11537679840076828,54,0.574198942496044,54,0.6966123065196862,54,0.4882341914029177,54,0.1228357487450902,54
physionet_mi,atcnet_aggressive_pool,54,mean_seeds_within_subject_then_mean_subjects,0.5477366255144033,54,0.5459183362263071,54,0.09183667245261448,54,0.523331958188843,54,0.09169932771603773,54,0.5637383729171169,54,0.6994904542670015,54,0.4957427201782206,54,0.1279080400103895,54
physionet_mi,fbcnet,54,mean_seeds_within_subject_then_mean_subjects,0.546008230452675,54,0.5442506500477514,54,0.08850130009550299,54,0.503786872158151,54,0.08859771048537646,54,0.5865513601624712,54,1.209926715538716,54,0.675038100315725,54,0.3132500673174367,54
physionet_mi,cardinal_fbc,54,mean_seeds_within_subject_then_mean_subjects,0.5463374485596708,54,0.5445913587217935,54,0.08918271744358702,54,0.5043204934561427,54,0.08928197354717439,54,0.5869325878987715,54,1.2093317011493239,54,0.6747117394110405,54,0.31286908278739994,54
physionet_mi,cardinal_fbc_extended,54,mean_seeds_within_subject_then_mean_subjects,0.546008230452675,54,0.5442463802971049,54,0.08849276059420988,54,0.5032506353350844,54,0.08859429738547421,54,0.5869032224708554,54,1.20649440683726,54,0.6739930117733168,54,0.3119396677772695,54
physionet_mi,cardinal_fbc_corr,54,mean_seeds_within_subject_then_mean_subjects,0.5546502057613169,54,0.5527800869286376,54,0.10556017385727529,54,0.5132440351963412,54,0.10567064559941466,54,0.5979186417894147,54,1.1557609685270105,54,0.6543633013491892,54,0.3050646330348749,54
physionet_mi,cardinal_fbc_corr_extended,54,mean_seeds_within_subject_then_mean_subjects,0.5558847736625515,54,0.5539813246334985,54,0.1079626492669971,54,0.519683078449298,54,0.10816911171764755,54,0.5969662405048879,54,1.1355091304628193,54,0.6512008131904943,54,0.30187792791751183,54
physionet_mi,cardinal_fbc_compactdyn,54,mean_seeds_within_subject_then_mean_subjects,0.5431275720164609,54,0.5424496866525852,54,0.08489937330517044,54,0.5044648667806844,54,0.08495059512098672,54,0.5851086491786975,54,1.2839088611666472,54,0.6910480162235882,54,0.32701394330817485,54
physionet_mi,cardinal_fbc_compactdyn_extended,54,mean_seeds_within_subject_then_mean_subjects,0.5412345679012346,54,0.54083136401977,54,0.08166272803953961,54,0.5062510367625447,54,0.08156923858705215,54,0.5846051744149571,54,1.3081158824399177,54,0.6972934633074073,54,0.3333505164841076,54
physionet_mi,cardinal_fbc_compactdyn_scale010,54,mean_seeds_within_subject_then_mean_subjects,0.545514403292181,54,0.5437461659381949,54,0.08749233187638981,54,0.503425926777809,54,0.0875609182534521,54,0.5867551463565956,54,1.2088881106985434,54,0.6776028877870262,54,0.31522032916791154,54
physionet_mi,cardinal_fbc_compactdyn_scale010_extended,54,mean_seeds_within_subject_then_mean_subjects,0.5474897119341563,54,0.5455146705146705,54,0.091029341029341,54,0.5045253716557467,54,0.09101673173127155,54,0.5889831138623409,54,1.2094694870754121,54,0.6778975787754016,54,0.3161629891640856,54
physionet_mi,cardinal_fbc_compactdyn_scale025,54,mean_seeds_within_subject_then_mean_subjects,0.5409053497942387,54,0.5389719311820761,54,0.07794386236415222,54,0.5006345284767407,54,0.07803038414242511,54,0.5865806094066963,54,1.209767221161602,54,0.6781978732475766,54,0.314347500972787,54
physionet_mi,cardinal_fbc_compactdyn_scale025_extended,54,mean_seeds_within_subject_then_mean_subjects,0.5422222222222223,54,0.5406790907696705,54,0.08135818153934095,54,0.5067309395847169,54,0.08140165523894967,54,0.5889754094313273,54,1.206055627545925,54,0.6774984954930604,54,0.31750663519886785,54
physionet_mi,cardinal_fbc_micro,54,mean_seeds_within_subject_then_mean_subjects,0.5481481481481482,54,0.546664148385163,54,0.09332829677032575,54,0.5105123479500006,54,0.09331350709008424,54,0.5881189323067343,54,1.2089926984377917,54,0.675346859608329,54,0.3144806594269757,54
physionet_mi,cardinal_fbc_micro_extended,54,mean_seeds_within_subject_then_mean_subjects,0.542716049382716,54,0.5410226314211821,54,0.08204526284236426,54,0.5023779568847753,54,0.08217219756742225,54,0.583480138688472,54,1.2140483231906583,54,0.6833315189522507,54,0.3184366334465795,54
physionet_mi,cardinal_fbc_physical,54,mean_seeds_within_subject_then_mean_subjects,0.5418106995884773,54,0.5403856979038137,54,0.08077139580762768,54,0.5043941955472547,54,0.08083023005732891,54,0.5859456945809604,54,1.2271126658281484,54,0.6811122266991815,54,0.31485549628489307,54
physionet_mi,cardinal_fbc_physical_extended,54,mean_seeds_within_subject_then_mean_subjects,0.5454320987654321,54,0.5437501307066525,54,0.0875002614133049,54,0.5085919404426938,54,0.08764790421282927,54,0.5846465575934175,54,1.217425527257156,54,0.6805777373657783,54,0.3173119308575682,54
physionet_mi,eegtcnet,54,mean_seeds_within_subject_then_mean_subjects,0.523045267489712,54,0.5218837791301559,54,0.043767558260311874,54,0.41981075547396535,54,0.04383650042033213,54,0.5287665445576073,54,0.6956254652877286,54,0.5016065233348164,54,0.0864697516406024,54
physionet_mi,fbmsnet,54,mean_seeds_within_subject_then_mean_subjects,0.5530041152263374,54,0.5499662341147848,54,0.09993246822956968,54,0.5123689449202699,54,0.10013362534760016,54,0.5927212515074834,54,1.0974570789242166,54,0.6380118699772145,54,0.2854450291959347,54
physionet_mi,cardinal_fbms,54,mean_seeds_within_subject_then_mean_subjects,0.5529218106995883,54,0.5498761336623655,54,0.09975226732473111,54,0.5123160145203195,54,0.09995724025104595,54,0.5927985136620402,54,1.0986297514330081,54,0.6384803760106754,54,0.286072315139535,54
physionet_mi,cardinal_fbms_extended,54,mean_seeds_within_subject_then_mean_subjects,0.5530864197530864,54,0.5500670960815889,54,0.10013419216317765,54,0.5121532365625263,54,0.10035231587559033,54,0.5923996840965441,54,1.097622735291675,54,0.6385368515617935,54,0.28705832198323533,54
physionet_mi,cardinal_mix,54,mean_seeds_within_subject_then_mean_subjects,0.568971193415638,54,0.5677364570480513,54,0.1354729140961025,54,0.5447252999238705,54,0.13550009046646921,54,0.6029051441491056,54,0.8709379737071602,54,0.5739053729952642,54,0.24632774138156283,54
physionet_mi,cardinal_mix_drop,54,mean_seeds_within_subject_then_mean_subjects,0.571522633744856,54,0.570003476796955,54,0.1400069535939101,54,0.5461394994230232,54,0.14004207751206743,54,0.6053912137245471,54,0.8115492160670753,54,0.5542904689901204,54,0.23224056904208026,54
physionet_mi,ctnet,54,mean_seeds_within_subject_then_mean_subjects,0.5298765432098765,54,0.5293035165317774,54,0.058607033063554796,54,0.47982348253902757,54,0.05864100562951437,54,0.5478006717741017,54,0.8042815391010321,54,0.5609197337485132,54,0.20647664854555958,54
physionet_mi,ctnet_compact,54,mean_seeds_within_subject_then_mean_subjects,0.5288888888888889,54,0.5248066848610327,54,0.04961336972206536,54,0.48456091974124516,54,0.04972852834803994,54,0.5382116831996059,54,0.7281041470979885,54,0.5227257520626347,54,0.1602895752196449,54
physionet_mi,eegsym,54,mean_seeds_within_subject_then_mean_subjects,0.5039506172839506,54,0.5020138409631163,54,0.004027681926232639,54,0.42765325901499446,54,0.004272021326870038,54,0.503597773223377,54,0.6959540025228776,54,0.5025703141292038,54,0.07027222346376488,54
physionet_mi,eegsym_wide,54,mean_seeds_within_subject_then_mean_subjects,0.5174485596707818,54,0.51416363427233,54,0.028327268544659848,54,0.4487517453996784,54,0.02837872632429209,54,0.5377276038507922,54,0.720872903804217,54,0.5130517103176255,54,0.1168739452774142,54
physionet_mi,tcformer,54,mean_seeds_within_subject_then_mean_subjects,0.5574485596707819,54,0.5552324922795938,54,0.11046498455918743,54,0.48624160542800615,54,0.1105060535403196,54,0.5856421646880583,54,0.6609341467086828,54,0.4708248504071179,54,0.08051373061329249,54
