level,dataset,model,nll,multiclass_brier,ece,ece_bins
dataset,local_exp4,scope,0.5968686259110381,0.3965146184308418,0.16874297954142095,15
dataset,local_exp4,free_scope,0.4552828964795499,0.29825463496242405,0.13295184488097828,15
dataset,local_exp4,cardinal,0.35497794099556357,0.22731297305258283,0.11526630642513433,15
dataset,local_exp4,free_cardinal,0.2756108049041126,0.16810502190686338,0.09393273673951624,15
dataset,local_exp4,cardinal_dynamics,0.25916275890217955,0.16216415134640894,0.0893734862158696,15
dataset,local_exp4,cardinal_dynamics_compact,0.2509885743910315,0.1568548991377033,0.08250388632218043,15
dataset,local_exp4,cardinal_dynamics_extended,0.21474677202656683,0.13136686709069412,0.07104181463519732,15
dataset,local_exp4,cardinal_dynamics_sinc,0.28580811238593223,0.17842011424823706,0.09078932322561742,15
dataset,local_exp4,cardinal_dynamics_sinc_residual,0.28238503185678165,0.1745157802295837,0.093833436469237,15
dataset,local_exp4,cardinal_dynamics_sinc_extended,0.2140614833836444,0.12907743934196514,0.07890163871149222,15
dataset,local_exp4,eegnet,0.2872955986474667,0.18994672283702518,0.05271913327276706,15
dataset,local_exp4,shallow,0.27648819847136064,0.17466526005037503,0.08581408150494099,15
dataset,local_exp4,deep4,0.5534248536034,0.3934988170625551,0.13833061123887697,15
dataset,local_exp4,eegconformer,0.3864276568148638,0.19305216989315557,0.09174789741635322,15
dataset,local_exp4,eegconformer_compact,0.41783729183025026,0.21484492261108729,0.10580171597500643,15
dataset,local_exp4,atcnet,0.33556822504210954,0.21233489040538905,0.07314228760699433,15
dataset,local_exp4,atcnet_aggressive_pool,0.2728833168836219,0.1734176518036665,0.0655729725708564,15
dataset,local_exp4,fbcnet,0.2308299268765961,0.13677541812031357,0.09392543820043406,15
dataset,local_exp4,cardinal_fbc,0.2443328982434077,0.1469217144811561,0.09160519878069559,15
dataset,local_exp4,cardinal_fbc_extended,0.22994650255913862,0.13615017999000087,0.09400503565867742,15
dataset,local_exp4,cardinal_fbc_corr,0.248610516801949,0.15175149813462802,0.08769473227361838,15
dataset,local_exp4,cardinal_fbc_corr_extended,0.22887371320973746,0.13668866366383162,0.08642038568854332,15
dataset,local_exp4,cardinal_fbc_compactdyn,0.2587583663769576,0.16046757963464475,0.09379943653941156,15
dataset,local_exp4,cardinal_fbc_compactdyn_extended,0.23509362493345187,0.14172261737237354,0.08188031581540903,15
dataset,local_exp4,cardinal_fbc_compactdyn_scale010,0.24616408957327318,0.14830716175660086,0.09709908152619998,15
dataset,local_exp4,cardinal_fbc_compactdyn_scale010_extended,0.22697535259609702,0.13368459915549633,0.09401570091644923,15
dataset,local_exp4,cardinal_fbc_compactdyn_scale025,0.24341653702487626,0.14717614047260952,0.09442536907891433,15
dataset,local_exp4,cardinal_fbc_compactdyn_scale025_extended,0.2241230602588322,0.13182579985348702,0.08610465094447137,15
dataset,local_exp4,cardinal_fbc_micro,0.2536202319922368,0.15299588918909468,0.09591361006100974,15
dataset,local_exp4,cardinal_fbc_micro_extended,0.23075980878399782,0.13704727772423267,0.08853596265117328,15
dataset,local_exp4,cardinal_fbc_physical,0.256310711090056,0.15504679681025813,0.09836695584158102,15
dataset,local_exp4,cardinal_fbc_physical_extended,0.23007113914605246,0.13674510579511395,0.09178240393598874,15
dataset,local_exp4,eegtcnet,0.4756227864553253,0.32692845406889687,0.08086735067268212,15
dataset,local_exp4,fbmsnet,0.2302997192253047,0.13563117975131223,0.0884181317438682,15
dataset,local_exp4,cardinal_fbms,0.2611040506194898,0.15919463840994874,0.09447277466456096,15
dataset,local_exp4,cardinal_fbms_extended,0.2299928837239522,0.1353534553017056,0.08653458995123706,15
dataset,local_exp4,cardinal_mix,0.3917767802697094,0.25289840172507083,0.11975136592984201,15
dataset,local_exp4,cardinal_mix_drop,0.3543335743283309,0.22868358305985678,0.11722092767556509,15
dataset,local_exp4,ctnet,0.2665622263908701,0.17199717597223826,0.07212933972477914,15
dataset,local_exp4,ctnet_compact,0.3356389259160279,0.2221680422833172,0.08095872762302557,15
dataset,local_exp4,eegsym,0.5595364139778882,0.39526164163398614,0.07061878355840842,15
dataset,local_exp4,eegsym_wide,0.2817973609546508,0.17989428889373546,0.06596946790814401,15
dataset,local_exp4,tcformer,0.19978555568275486,0.12189204335589343,0.05696687777837117,15
dataset,bnci2014_001,scope,1.3957972477134841,0.7231114068443327,0.19831093751399972,15
dataset,bnci2014_001,free_scope,1.0915222482978688,0.5836072661441566,0.1441527928352172,15
dataset,bnci2014_001,cardinal,0.7571054373065663,0.41103325350694403,0.08692059809411014,15
dataset,bnci2014_001,free_cardinal,0.7604248049956316,0.41283346888643146,0.08831435113133473,15
dataset,bnci2014_001,cardinal_dynamics,0.7510373900349081,0.40793528570143583,0.08226876859035757,15
dataset,bnci2014_001,cardinal_dynamics_compact,0.7483957589495958,0.40678877296596594,0.07309029516706496,15
dataset,bnci2014_001,cardinal_dynamics_extended,0.7374011056426383,0.39988697727749356,0.07692532301822931,15
dataset,bnci2014_001,cardinal_dynamics_sinc,0.7302959368472898,0.3968987022777395,0.07280159721863858,15
dataset,bnci2014_001,cardinal_dynamics_sinc_residual,0.7206215965036997,0.3932317534284791,0.07381899117917558,15
dataset,bnci2014_001,cardinal_dynamics_sinc_extended,0.7229458713096835,0.3931557581784224,0.07457586956428892,15
dataset,bnci2014_001,eegnet,1.0366362019464364,0.5630458875141716,0.0678646420278115,15
dataset,bnci2014_001,shallow,0.8720166573942402,0.46957278175492323,0.09553118797226084,15
dataset,bnci2014_001,deep4,1.3543725597595393,0.7347836189210845,0.08668386372105208,15
dataset,bnci2014_001,eegconformer,1.073087475018964,0.5344453239988747,0.16806600146271566,15
dataset,bnci2014_001,eegconformer_compact,1.0264033576827964,0.5124748483430062,0.1550916914931602,15
dataset,bnci2014_001,atcnet,0.8634936556680264,0.4747875492655742,0.08772148023370976,15
dataset,bnci2014_001,atcnet_aggressive_pool,0.8866005097103196,0.48622860024327846,0.0915021936742612,15
dataset,bnci2014_001,fbcnet,0.6595169485705117,0.3560924729215482,0.08983775812120717,15
dataset,bnci2014_001,cardinal_fbc,0.6552969311893981,0.3528669362693206,0.09661770471728141,15
dataset,bnci2014_001,cardinal_fbc_extended,0.6594325556927306,0.35543661526054543,0.09269645440357704,15
dataset,bnci2014_001,cardinal_fbc_corr,0.6558582720714001,0.3535478304645456,0.09116949929315367,15
dataset,bnci2014_001,cardinal_fbc_corr_extended,0.656730590429674,0.35428079457335215,0.09129977417810832,15
dataset,bnci2014_001,cardinal_fbc_compactdyn,0.6360758201911205,0.342852841446971,0.08513071340405279,15
dataset,bnci2014_001,cardinal_fbc_compactdyn_extended,0.6357502313434409,0.34244840311220626,0.08623857063551743,15
dataset,bnci2014_001,cardinal_fbc_compactdyn_scale010,0.6522276596376353,0.3511675332933023,0.0931983376726692,15
dataset,bnci2014_001,cardinal_fbc_compactdyn_scale010_extended,0.656984002875075,0.3543476203763519,0.09156431716257407,15
dataset,bnci2014_001,cardinal_fbc_compactdyn_scale025,0.6441219215858579,0.34637384579071295,0.0930114257344861,15
dataset,bnci2014_001,cardinal_fbc_compactdyn_scale025_extended,0.6447913124793303,0.34730391315530806,0.09249762812468372,15
dataset,bnci2014_001,cardinal_fbc_micro,0.6448772165021757,0.34855446164717524,0.09050273917569422,15
dataset,bnci2014_001,cardinal_fbc_micro_extended,0.6435811181448495,0.3478865760795775,0.08739925174295533,15
dataset,bnci2014_001,cardinal_fbc_physical,0.6464568088677396,0.34911431930560827,0.08950922694057224,15
dataset,bnci2014_001,cardinal_fbc_physical_extended,0.6462153298165592,0.3490706355453408,0.08768907787255299,15
dataset,bnci2014_001,eegtcnet,1.057263289103276,0.5936960535654311,0.07176870607575515,15
dataset,bnci2014_001,fbmsnet,0.667392423756678,0.36040147696049707,0.09250201657874349,15
dataset,bnci2014_001,cardinal_fbms,0.6652991457198731,0.3593720019764147,0.0926816165746178,15
dataset,bnci2014_001,cardinal_fbms_extended,0.6653316423280184,0.3593466605761988,0.09272778038119461,15
dataset,bnci2014_001,cardinal_mix,0.7237175609244303,0.3896995797695451,0.08096224660352792,15
dataset,bnci2014_001,cardinal_mix_drop,0.7039768228582203,0.3817055453972964,0.0732462060396318,15
dataset,bnci2014_001,ctnet,0.8010514827892706,0.4409607158955004,0.07019134846136527,15
dataset,bnci2014_001,ctnet_compact,0.8928117711514307,0.49993516815726696,0.06981451939331529,15
dataset,bnci2014_001,eegsym,1.2444030732925881,0.6796085716819535,0.09047002390165021,15
dataset,bnci2014_001,eegsym_wide,1.107955470518388,0.5882491306696415,0.13193874033972805,15
dataset,bnci2014_001,tcformer,0.6933632090613293,0.37122305735575695,0.08007523543718788,15
dataset,bnci2014_004,scope,0.5768027318686728,0.3629186143711963,0.13092332219557157,15
dataset,bnci2014_004,free_scope,0.6023296570617764,0.3742491267146699,0.13948131218729984,15
dataset,bnci2014_004,cardinal,0.5539972024195855,0.35731177623878696,0.12832069794336956,15
dataset,bnci2014_004,free_cardinal,0.5110831410268476,0.33234234967024273,0.10736016058732593,15
dataset,bnci2014_004,cardinal_dynamics,0.4253742356103446,0.2780213647930627,0.06307113507614721,15
dataset,bnci2014_004,cardinal_dynamics_compact,0.4188951140403343,0.27298318438830177,0.06032340223354006,15
dataset,bnci2014_004,cardinal_dynamics_extended,0.4279331106314508,0.27725678093959993,0.06428058735967156,15
dataset,bnci2014_004,cardinal_dynamics_sinc,0.40581410712731025,0.2662187134100058,0.05784111034598142,15
dataset,bnci2014_004,cardinal_dynamics_sinc_residual,0.40531219687340475,0.2658374050421819,0.05431908051764209,15
dataset,bnci2014_004,cardinal_dynamics_sinc_extended,0.40584626919322303,0.2668163477950802,0.056920755341175994,15
dataset,bnci2014_004,eegnet,0.4554714531617625,0.30601339641300757,0.0368837968336921,15
dataset,bnci2014_004,shallow,0.4672992137365053,0.3041324966322366,0.08626395170000338,15
dataset,bnci2014_004,deep4,0.5175149475271841,0.3583338892422704,0.10246910159904804,15
dataset,bnci2014_004,eegconformer,0.43635932472243627,0.2814448237489939,0.07011869506407824,15
dataset,bnci2014_004,eegconformer_compact,0.46328061005910626,0.29690786798118424,0.07901804470590183,15
dataset,bnci2014_004,atcnet,0.4098042239222507,0.2710871043865823,0.05894218471847357,15
dataset,bnci2014_004,atcnet_aggressive_pool,0.4224691662297048,0.2721610172818941,0.06306963648587939,15
dataset,bnci2014_004,fbcnet,0.4675906615838045,0.3073731742240729,0.08581552232896525,15
dataset,bnci2014_004,cardinal_fbc,0.4395485657379632,0.2938919721309404,0.07784769133502055,15
dataset,bnci2014_004,cardinal_fbc_extended,0.46292145248457195,0.30769679678118467,0.08769687114194745,15
dataset,bnci2014_004,cardinal_fbc_corr,0.5013143852422204,0.32589343032479146,0.10502536056533693,15
dataset,bnci2014_004,cardinal_fbc_corr_extended,0.48911251531140487,0.322304522848668,0.09729652074594347,15
dataset,bnci2014_004,cardinal_fbc_compactdyn,0.4898062534448655,0.30626107837034744,0.09795095891588262,15
dataset,bnci2014_004,cardinal_fbc_compactdyn_extended,0.5090513758840944,0.31908035006454005,0.10663567503175092,15
dataset,bnci2014_004,cardinal_fbc_compactdyn_scale010,0.4541015634072699,0.3035438353641439,0.09125808555987619,15
dataset,bnci2014_004,cardinal_fbc_compactdyn_scale010_extended,0.4411866191796175,0.29365015277122075,0.08481222222603502,15
dataset,bnci2014_004,cardinal_fbc_compactdyn_scale025,0.48320290008442535,0.31426677159564254,0.10289914695752991,15
dataset,bnci2014_004,cardinal_fbc_compactdyn_scale025_extended,0.45234689185558924,0.2992732759886632,0.09483874647922459,15
dataset,bnci2014_004,cardinal_fbc_micro,0.47633201358026256,0.3046658723337057,0.08743015154368347,15
dataset,bnci2014_004,cardinal_fbc_micro_extended,0.4993006637500195,0.32360784003239157,0.10540835377006304,15
dataset,bnci2014_004,cardinal_fbc_physical,0.4811181215000882,0.30714137161360844,0.09450326792895795,15
dataset,bnci2014_004,cardinal_fbc_physical_extended,0.4874193130441546,0.31332186014425667,0.10537199950525686,15
dataset,bnci2014_004,eegtcnet,0.4620608284298793,0.3136988302409901,0.055691759016897,15
dataset,bnci2014_004,fbmsnet,0.4875991356977434,0.29983535517147747,0.07699153690998044,15
dataset,bnci2014_004,cardinal_fbms,0.48821875369394896,0.3004903252617883,0.07821883794511594,15
dataset,bnci2014_004,cardinal_fbms_extended,0.48266407631737146,0.2963095930787747,0.07742399002233195,15
dataset,bnci2014_004,cardinal_mix,0.49172391355475814,0.31190641320927764,0.09423845204687308,15
dataset,bnci2014_004,cardinal_mix_drop,0.46981741035748975,0.3064759800912229,0.0929170198815446,15
dataset,bnci2014_004,ctnet,0.4131042024357705,0.2704035239206026,0.059707211766332854,15
dataset,bnci2014_004,ctnet_compact,0.41670026763304757,0.2749058529589913,0.0584543584263514,15
dataset,bnci2014_004,eegsym,0.5764265999886544,0.4065757445068731,0.05401067134229436,15
dataset,bnci2014_004,eegsym_wide,0.3973699237328055,0.2617711434572715,0.05317584750671235,15
dataset,bnci2014_004,tcformer,0.41560813071189723,0.27120645847952635,0.052674677473093776,15
dataset,cho2017,scope,0.847766925494207,0.5736503606796693,0.21126429400000818,15
dataset,cho2017,free_scope,0.7804001654684873,0.5294170059561512,0.18768377625388213,15
dataset,cho2017,cardinal,0.6074566867865591,0.41598093316317125,0.11883731941821482,15
dataset,cho2017,free_cardinal,0.608264368403315,0.4165969741804973,0.12025024812076338,15
dataset,cho2017,cardinal_dynamics,0.5436612606238849,0.37118316007336044,0.08628509655250954,15
dataset,cho2017,cardinal_dynamics_compact,0.5404657120686986,0.3692467865992396,0.08333214005407615,15
dataset,cho2017,cardinal_dynamics_extended,0.5419803748413574,0.3707030600279651,0.08725413097116429,15
dataset,cho2017,cardinal_dynamics_sinc,0.5529796668103708,0.37933530624723694,0.08469559113432965,15
dataset,cho2017,cardinal_dynamics_sinc_residual,0.5471105023111401,0.3744416741341455,0.08007686338287133,15
dataset,cho2017,cardinal_dynamics_sinc_extended,0.5508571492951178,0.3773232833054293,0.08451207584028059,15
dataset,cho2017,eegnet,0.5855292313989755,0.4070491166071705,0.05971249549893233,15
dataset,cho2017,shallow,0.6481060164483231,0.42843611021618827,0.13607159207990535,15
dataset,cho2017,deep4,0.6957210173036145,0.5003150358810863,0.12030051856717237,15
dataset,cho2017,eegconformer,0.7276606303376217,0.4522398466290675,0.14399112259577482,15
dataset,cho2017,eegconformer_compact,0.733734545570232,0.4578329378397624,0.15077014733010377,15
dataset,cho2017,atcnet,0.5804010363649671,0.40248697811735307,0.07441306582704568,15
dataset,cho2017,atcnet_aggressive_pool,0.5969082836851805,0.415670996560435,0.07004552175620428,15
dataset,cho2017,fbcnet,0.6358696633987412,0.4130861723376264,0.13162651529335057,15
dataset,cho2017,cardinal_fbc,0.6339971391932757,0.4121099012209465,0.1305190427192511,15
dataset,cho2017,cardinal_fbc_extended,0.6318116667077701,0.41111198091905327,0.12880126082247648,15
dataset,cho2017,cardinal_fbc_corr,0.6174714365590046,0.4024047993265132,0.12448076574217816,15
dataset,cho2017,cardinal_fbc_corr_extended,0.6187899211446111,0.40229185997885486,0.12555249384733347,15
dataset,cho2017,cardinal_fbc_compactdyn,0.6314977454765256,0.4003338558232104,0.13214320531965065,15
dataset,cho2017,cardinal_fbc_compactdyn_extended,0.6325741282388784,0.40160130658746473,0.13159592129729497,15
dataset,cho2017,cardinal_fbc_compactdyn_scale010,0.6288065960614657,0.4075669119240095,0.1305644343052155,15
dataset,cho2017,cardinal_fbc_compactdyn_scale010_extended,0.6285507598983823,0.40713618893064296,0.12931673428989376,15
dataset,cho2017,cardinal_fbc_compactdyn_scale025,0.6052841311395525,0.39199655395483557,0.12225860309753663,15
dataset,cho2017,cardinal_fbc_compactdyn_scale025_extended,0.6031753793723741,0.3901913391925414,0.12330333029879974,15
dataset,cho2017,cardinal_fbc_micro,0.6252487697236192,0.40705094041979023,0.12982124042893067,15
dataset,cho2017,cardinal_fbc_micro_extended,0.6293577347705087,0.4058550879611771,0.13078033154113933,15
dataset,cho2017,cardinal_fbc_physical,0.6289840298792408,0.4076738617670219,0.1322619271945113,15
dataset,cho2017,cardinal_fbc_physical_extended,0.6301340917744607,0.4077248719557108,0.13201193478722606,15
dataset,cho2017,eegtcnet,0.6506704045013141,0.4647623175530694,0.058724115068522785,15
dataset,cho2017,fbmsnet,0.6335426986663213,0.4122642064655195,0.12621258501612986,15
dataset,cho2017,cardinal_fbms,0.6327186121864335,0.41205666547435094,0.12649810926807234,15
dataset,cho2017,cardinal_fbms_extended,0.6335009829956609,0.4122865519919691,0.12567291121318555,15
dataset,cho2017,cardinal_mix,0.6206373690691436,0.4237605048366019,0.1263131658318333,15
dataset,cho2017,cardinal_mix_drop,0.5986493391946748,0.40972299768489506,0.11884877592134169,15
dataset,cho2017,ctnet,0.5953686329300314,0.41738367406720944,0.10108219171582888,15
dataset,cho2017,ctnet_compact,0.6124101969339131,0.4333417012323815,0.07168131523655775,15
dataset,cho2017,eegsym,0.6680198800410382,0.47965879508658554,0.03491884363691012,15
dataset,cho2017,eegsym_wide,0.6176312218730905,0.43421289094332016,0.07403963063599973,15
dataset,cho2017,tcformer,0.5463521870567949,0.3710753078412239,0.0785789854730933,15
dataset,physionet_mi,scope,0.9428775458638172,0.6367157224310388,0.276732802322372,15
dataset,physionet_mi,free_scope,0.9006633841355123,0.6108815006007717,0.2650304187570579,15
dataset,physionet_mi,cardinal,0.7384574994642651,0.5188566397000188,0.1976964623986939,15
dataset,physionet_mi,free_cardinal,0.7401554400578988,0.519949354448322,0.19884569619418174,15
dataset,physionet_mi,cardinal_dynamics,0.6855589030134629,0.4839008289879636,0.1710414210513786,15
dataset,physionet_mi,cardinal_dynamics_compact,0.679119364772433,0.4803370399828311,0.16580912449722915,15
dataset,physionet_mi,cardinal_dynamics_extended,0.6801462601981499,0.4820267988463596,0.1706951677848282,15
dataset,physionet_mi,cardinal_dynamics_sinc,0.68372299232081,0.4834083554131457,0.1592850200335185,15
dataset,physionet_mi,cardinal_dynamics_sinc_residual,0.6770497845516537,0.4780006606782041,0.15447114525999062,15
dataset,physionet_mi,cardinal_dynamics_sinc_extended,0.6808213458888638,0.48159985758758106,0.15932002141151896,15
dataset,physionet_mi,eegnet,0.6841816546958914,0.49144616067502195,0.0751555169757011,15
dataset,physionet_mi,shallow,0.9306040163138696,0.5943282636761101,0.2590644757001979,15
dataset,physionet_mi,deep4,0.7522731189618839,0.5321809189209733,0.14078200278458772,15
dataset,physionet_mi,eegconformer,0.9298380291384839,0.5384741118273905,0.18208021820817952,15
dataset,physionet_mi,eegconformer_compact,0.8854219046497087,0.5309732860073284,0.17787756171246122,15
dataset,physionet_mi,atcnet,0.6966123065196862,0.4882341914029177,0.1228357487450902,15
dataset,physionet_mi,atcnet_aggressive_pool,0.6994904542670015,0.4957427201782206,0.1279080400103895,15
dataset,physionet_mi,fbcnet,1.209926715538716,0.675038100315725,0.3132500673174367,15
dataset,physionet_mi,cardinal_fbc,1.2093317011493239,0.6747117394110405,0.31286908278739994,15
dataset,physionet_mi,cardinal_fbc_extended,1.20649440683726,0.6739930117733168,0.3119396677772695,15
dataset,physionet_mi,cardinal_fbc_corr,1.1557609685270105,0.6543633013491892,0.3050646330348749,15
dataset,physionet_mi,cardinal_fbc_corr_extended,1.1355091304628193,0.6512008131904943,0.30187792791751183,15
dataset,physionet_mi,cardinal_fbc_compactdyn,1.2839088611666472,0.6910480162235882,0.32701394330817485,15
dataset,physionet_mi,cardinal_fbc_compactdyn_extended,1.3081158824399177,0.6972934633074073,0.3333505164841076,15
dataset,physionet_mi,cardinal_fbc_compactdyn_scale010,1.2088881106985434,0.6776028877870262,0.31522032916791154,15
dataset,physionet_mi,cardinal_fbc_compactdyn_scale010_extended,1.2094694870754121,0.6778975787754016,0.3161629891640856,15
dataset,physionet_mi,cardinal_fbc_compactdyn_scale025,1.209767221161602,0.6781978732475766,0.314347500972787,15
dataset,physionet_mi,cardinal_fbc_compactdyn_scale025_extended,1.206055627545925,0.6774984954930604,0.31750663519886785,15
dataset,physionet_mi,cardinal_fbc_micro,1.2089926984377917,0.675346859608329,0.3144806594269757,15
dataset,physionet_mi,cardinal_fbc_micro_extended,1.2140483231906583,0.6833315189522507,0.3184366334465795,15
dataset,physionet_mi,cardinal_fbc_physical,1.2271126658281484,0.6811122266991815,0.31485549628489307,15
dataset,physionet_mi,cardinal_fbc_physical_extended,1.217425527257156,0.6805777373657783,0.3173119308575682,15
dataset,physionet_mi,eegtcnet,0.6956254652877286,0.5016065233348164,0.0864697516406024,15
dataset,physionet_mi,fbmsnet,1.0974570789242166,0.6380118699772145,0.2854450291959347,15
dataset,physionet_mi,cardinal_fbms,1.0986297514330081,0.6384803760106754,0.286072315139535,15
dataset,physionet_mi,cardinal_fbms_extended,1.097622735291675,0.6385368515617935,0.28705832198323533,15
dataset,physionet_mi,cardinal_mix,0.8709379737071602,0.5739053729952642,0.24632774138156283,15
dataset,physionet_mi,cardinal_mix_drop,0.8115492160670753,0.5542904689901204,0.23224056904208026,15
dataset,physionet_mi,ctnet,0.8042815391010321,0.5609197337485132,0.20647664854555958,15
dataset,physionet_mi,ctnet_compact,0.7281041470979885,0.5227257520626347,0.1602895752196449,15
dataset,physionet_mi,eegsym,0.6959540025228776,0.5025703141292038,0.07027222346376488,15
dataset,physionet_mi,eegsym_wide,0.720872903804217,0.5130517103176255,0.1168739452774142,15
dataset,physionet_mi,tcformer,0.6609341467086828,0.4708248504071179,0.08051373061329249,15
equal_dataset_macro,ALL_DATASETS,scope,0.8720226153702437,0.5385821445514158,0.19719486711467452,15
equal_dataset_macro,ALL_DATASETS,free_scope,0.766039670288639,0.4792819068756347,0.17386002898288705,15
equal_dataset_macro,ALL_DATASETS,cardinal,0.6023989533945079,0.3860991151323008,0.12940827685590456,15
equal_dataset_macro,ALL_DATASETS,free_cardinal,0.5791077118775612,0.36996543381847136,0.12174063855462443,15
equal_dataset_macro,ALL_DATASETS,cardinal_dynamics,0.532958909636956,0.34064095818044626,0.09840798149725251,15
equal_dataset_macro,ALL_DATASETS,cardinal_dynamics_compact,0.5275729048444187,0.3372421366148083,0.09301176965481814,15
equal_dataset_macro,ALL_DATASETS,cardinal_dynamics_extended,0.5204415246680327,0.3322480968364224,0.09403940475381814,15
equal_dataset_macro,ALL_DATASETS,cardinal_dynamics_sinc,0.5317241630983427,0.340856238319273,0.0930825283916171,15
equal_dataset_macro,ALL_DATASETS,cardinal_dynamics_sinc_residual,0.526495822419336,0.33720545470251884,0.09130390336178332,15
equal_dataset_macro,ALL_DATASETS,cardinal_dynamics_sinc_extended,0.5149064238141066,0.32959453724169563,0.09084607217375135,15
equal_dataset_macro,ALL_DATASETS,eegnet,0.6098228279701066,0.3915002568092794,0.05846711692178082,15
equal_dataset_macro,ALL_DATASETS,shallow,0.6389028204728597,0.39422698246596666,0.1325490577914617,15
equal_dataset_macro,ALL_DATASETS,deep4,0.7746612994311244,0.5038224560055939,0.11771321958214745,15
equal_dataset_macro,ALL_DATASETS,eegconformer,0.7106746232064739,0.3999312552194964,0.1312007869494203,15
equal_dataset_macro,ALL_DATASETS,eegconformer_compact,0.7053355419584187,0.40260677255647376,0.1337118322433267,15
equal_dataset_macro,ALL_DATASETS,atcnet,0.577175889503408,0.3697861427155632,0.0834109534262627,15
equal_dataset_macro,ALL_DATASETS,atcnet_aggressive_pool,0.5756703461551658,0.36864419721349895,0.08361967289951815,15
equal_dataset_macro,ALL_DATASETS,fbcnet,0.6407467831936738,0.3776730675838572,0.14289106025227874,15
equal_dataset_macro,ALL_DATASETS,cardinal_fbc,0.6365014471026738,0.37610045270268083,0.1418917440679297,15
equal_dataset_macro,ALL_DATASETS,cardinal_fbc_extended,0.6381213168562943,0.3768777169448202,0.1430278579607896,15
equal_dataset_macro,ALL_DATASETS,cardinal_fbc_corr,0.6358031158403169,0.3775921719199335,0.1426869981818324,15
equal_dataset_macro,ALL_DATASETS,cardinal_fbc_corr_extended,0.6258031741116493,0.37335333085104017,0.14048942047548807,15
equal_dataset_macro,ALL_DATASETS,cardinal_fbc_compactdyn,0.6600094093312232,0.3801926742997524,0.14720765149743448,15
equal_dataset_macro,ALL_DATASETS,cardinal_fbc_compactdyn_extended,0.6641170485679566,0.38042922808879837,0.14794019985281598,15
equal_dataset_macro,ALL_DATASETS,cardinal_fbc_compactdyn_scale010,0.6380376038756375,0.3776376660250166,0.14546805364637447,15
equal_dataset_macro,ALL_DATASETS,cardinal_fbc_compactdyn_scale010_extended,0.6326332443249167,0.3733432280018227,0.14317439275180752,15
equal_dataset_macro,ALL_DATASETS,cardinal_fbc_compactdyn_scale025,0.6371585421992628,0.37560223701227546,0.1453884091682508,15
equal_dataset_macro,ALL_DATASETS,cardinal_fbc_compactdyn_scale025_extended,0.6260984543024102,0.369218564736612,0.14285019820920947,15
equal_dataset_macro,ALL_DATASETS,cardinal_fbc_micro,0.6418141860472172,0.37772280463961894,0.14362968012725874,15
equal_dataset_macro,ALL_DATASETS,cardinal_fbc_micro_extended,0.6434095297280067,0.3795456601499259,0.1461121066303821,15
equal_dataset_macro,ALL_DATASETS,cardinal_fbc_physical,0.6479964674330546,0.38001771523913563,0.1458993748381031,15
equal_dataset_macro,ALL_DATASETS,cardinal_fbc_physical_extended,0.6422530802076766,0.37748804216124004,0.14683346939171854,15
equal_dataset_macro,ALL_DATASETS,eegtcnet,0.6682485547555046,0.4401384357526409,0.07070433649489188,15
equal_dataset_macro,ALL_DATASETS,fbmsnet,0.6232582112540529,0.3692288176652042,0.13391385988893134,15
equal_dataset_macro,ALL_DATASETS,cardinal_fbms,0.6291940627305508,0.37391880142663564,0.13558873071838043,15
equal_dataset_macro,ALL_DATASETS,cardinal_fbms_extended,0.6218224641313357,0.36836662250208835,0.1338835187102369,15
equal_dataset_macro,ALL_DATASETS,cardinal_mix,0.6197587195050404,0.39043405450715196,0.13351859435872782,15
equal_dataset_macro,ALL_DATASETS,cardinal_mix_drop,0.5876652725611582,0.37617571504467834,0.12689469971203268,15
equal_dataset_macro,ALL_DATASETS,ctnet,0.5760736167293949,0.3723329647208128,0.10191734804277315,15
equal_dataset_macro,ALL_DATASETS,ctnet_compact,0.5971330617464816,0.39061530333891836,0.08823969917977899,15
equal_dataset_macro,ALL_DATASETS,eegsym,0.7488679939646093,0.4927350134077205,0.0640581091806056,15
equal_dataset_macro,ALL_DATASETS,eegsym_wide,0.6251253761766303,0.39543583285631884,0.08839952633359967,15
equal_dataset_macro,ALL_DATASETS,tcformer,0.5032086458442918,0.3212443434879037,0.06976190135500773,15
