rank,model,metric,value,tie_break,status
1,cardinal_fbc_compactdyn_scale025_extended,equal_dataset_macro_balanced_accuracy,0.7398999919431077,frozen_architecture_order,descriptive_opened_development_suite_only
2,cardinal_fbc_compactdyn_extended,equal_dataset_macro_balanced_accuracy,0.737570631099979,frozen_architecture_order,descriptive_opened_development_suite_only
3,cardinal_dynamics_sinc_extended,equal_dataset_macro_balanced_accuracy,0.7366735426945572,frozen_architecture_order,descriptive_opened_development_suite_only
4,cardinal_dynamics_extended,equal_dataset_macro_balanced_accuracy,0.7363137203510393,frozen_architecture_order,descriptive_opened_development_suite_only
5,cardinal_fbc_compactdyn_scale010_extended,equal_dataset_macro_balanced_accuracy,0.7353815394482061,frozen_architecture_order,descriptive_opened_development_suite_only
6,cardinal_fbc_physical_extended,equal_dataset_macro_balanced_accuracy,0.7353494902574613,frozen_architecture_order,descriptive_opened_development_suite_only
7,cardinal_fbc_compactdyn,equal_dataset_macro_balanced_accuracy,0.7346421215660346,frozen_architecture_order,descriptive_opened_development_suite_only
8,cardinal_fbc_compactdyn_scale025,equal_dataset_macro_balanced_accuracy,0.7342043068713358,frozen_architecture_order,descriptive_opened_development_suite_only
9,cardinal_fbms_extended,equal_dataset_macro_balanced_accuracy,0.7336515788961442,frozen_architecture_order,descriptive_opened_development_suite_only
10,cardinal_dynamics_compact,equal_dataset_macro_balanced_accuracy,0.7331803061672627,frozen_architecture_order,descriptive_opened_development_suite_only
11,fbmsnet,equal_dataset_macro_balanced_accuracy,0.733173127436171,frozen_architecture_order,descriptive_opened_development_suite_only
12,tcformer,equal_dataset_macro_balanced_accuracy,0.7331630938975142,frozen_architecture_order,descriptive_opened_development_suite_only
13,cardinal_fbc_corr_extended,equal_dataset_macro_balanced_accuracy,0.7330164284051965,frozen_architecture_order,descriptive_opened_development_suite_only
14,cardinal_fbc_micro,equal_dataset_macro_balanced_accuracy,0.7329170007528704,frozen_architecture_order,descriptive_opened_development_suite_only
15,cardinal_fbc_micro_extended,equal_dataset_macro_balanced_accuracy,0.7327846273560041,frozen_architecture_order,descriptive_opened_development_suite_only
16,cardinal_dynamics,equal_dataset_macro_balanced_accuracy,0.7327815978439167,frozen_architecture_order,descriptive_opened_development_suite_only
17,cardinal_fbc_physical,equal_dataset_macro_balanced_accuracy,0.7324690640143539,frozen_architecture_order,descriptive_opened_development_suite_only
18,cardinal_fbc_extended,equal_dataset_macro_balanced_accuracy,0.732154397481209,frozen_architecture_order,descriptive_opened_development_suite_only
19,fbcnet,equal_dataset_macro_balanced_accuracy,0.7320515138109341,frozen_architecture_order,descriptive_opened_development_suite_only
20,cardinal_fbc,equal_dataset_macro_balanced_accuracy,0.7320096467274003,frozen_architecture_order,descriptive_opened_development_suite_only
21,cardinal_fbc_corr,equal_dataset_macro_balanced_accuracy,0.7312883501763936,frozen_architecture_order,descriptive_opened_development_suite_only
22,cardinal_fbc_compactdyn_scale010,equal_dataset_macro_balanced_accuracy,0.7311475475276199,frozen_architecture_order,descriptive_opened_development_suite_only
23,cardinal_fbms,equal_dataset_macro_balanced_accuracy,0.7297565081054211,frozen_architecture_order,descriptive_opened_development_suite_only
24,cardinal_dynamics_sinc_residual,equal_dataset_macro_balanced_accuracy,0.7281225062779411,frozen_architecture_order,descriptive_opened_development_suite_only
25,cardinal_dynamics_sinc,equal_dataset_macro_balanced_accuracy,0.7241639605295402,frozen_architecture_order,descriptive_opened_development_suite_only
26,free_cardinal,equal_dataset_macro_balanced_accuracy,0.7212328683259843,frozen_architecture_order,descriptive_opened_development_suite_only
27,cardinal_mix_drop,equal_dataset_macro_balanced_accuracy,0.7161053215973505,frozen_architecture_order,descriptive_opened_development_suite_only
28,cardinal_mix,equal_dataset_macro_balanced_accuracy,0.711489544835197,frozen_architecture_order,descriptive_opened_development_suite_only
29,shallow,equal_dataset_macro_balanced_accuracy,0.7105461168863342,frozen_architecture_order,descriptive_opened_development_suite_only
30,cardinal,equal_dataset_macro_balanced_accuracy,0.7094895690594966,frozen_architecture_order,descriptive_opened_development_suite_only
31,eegconformer,equal_dataset_macro_balanced_accuracy,0.7039457886048466,frozen_architecture_order,descriptive_opened_development_suite_only
32,eegconformer_compact,equal_dataset_macro_balanced_accuracy,0.7009101705594459,frozen_architecture_order,descriptive_opened_development_suite_only
33,ctnet,equal_dataset_macro_balanced_accuracy,0.6992185855475711,frozen_architecture_order,descriptive_opened_development_suite_only
34,atcnet,equal_dataset_macro_balanced_accuracy,0.6917026192674742,frozen_architecture_order,descriptive_opened_development_suite_only
35,atcnet_aggressive_pool,equal_dataset_macro_balanced_accuracy,0.6893169497035438,frozen_architecture_order,descriptive_opened_development_suite_only
36,ctnet_compact,equal_dataset_macro_balanced_accuracy,0.6671727262002625,frozen_architecture_order,descriptive_opened_development_suite_only
37,eegsym_wide,equal_dataset_macro_balanced_accuracy,0.6559950080917473,frozen_architecture_order,descriptive_opened_development_suite_only
38,free_scope,equal_dataset_macro_balanced_accuracy,0.6410810268100123,frozen_architecture_order,descriptive_opened_development_suite_only
39,eegnet,equal_dataset_macro_balanced_accuracy,0.638480186305911,frozen_architecture_order,descriptive_opened_development_suite_only
40,eegtcnet,equal_dataset_macro_balanced_accuracy,0.6012511046253799,frozen_architecture_order,descriptive_opened_development_suite_only
41,scope,equal_dataset_macro_balanced_accuracy,0.5958757350539959,frozen_architecture_order,descriptive_opened_development_suite_only
42,deep4,equal_dataset_macro_balanced_accuracy,0.5491248706741461,frozen_architecture_order,descriptive_opened_development_suite_only
43,eegsym,equal_dataset_macro_balanced_accuracy,0.5356215071696956,frozen_architecture_order,descriptive_opened_development_suite_only
