model,comparator,seed,dataset,subjects,balanced_accuracy_difference
scope,tcformer,7,local_exp4,8,-0.23125
scope,tcformer,7,bnci2014_001,9,-0.2334104938271605
scope,tcformer,7,bnci2014_004,9,-0.03363095238095237
scope,tcformer,7,cho2017,52,-0.13016025641025641
scope,tcformer,7,physionet_mi,54,-0.035442851566039976
scope,tcformer,7,EQUAL_DATASET_OVERALL,132,-0.13277891083688187
scope,tcformer,17,local_exp4,8,-0.21458333333333335
scope,tcformer,17,bnci2014_001,9,-0.30594135802469136
scope,tcformer,17,bnci2014_004,9,-0.034027777777777775
scope,tcformer,17,cho2017,52,-0.1262019230769231
scope,tcformer,17,physionet_mi,54,-0.04427012533896592
scope,tcformer,17,EQUAL_DATASET_OVERALL,132,-0.1450049035103383
scope,tcformer,27,local_exp4,8,-0.19583333333333333
scope,tcformer,27,bnci2014_001,9,-0.28279320987654327
scope,tcformer,27,bnci2014_004,9,-0.04270833333333333
scope,tcformer,27,cho2017,52,-0.12467948717948715
scope,tcformer,27,physionet_mi,54,-0.03926841743870729
scope,tcformer,27,EQUAL_DATASET_OVERALL,132,-0.13705655623228089
scope,tcformer,37,local_exp4,8,-0.19375000000000003
scope,tcformer,37,bnci2014_001,9,-0.35648148148148157
scope,tcformer,37,bnci2014_004,9,-0.02777777777777779
scope,tcformer,37,cho2017,52,-0.1252724358974359
scope,tcformer,37,physionet_mi,54,-0.02778060975524744
scope,tcformer,37,EQUAL_DATASET_OVERALL,132,-0.14621246098238855
scope,tcformer,47,local_exp4,8,-0.18541666666666667
scope,tcformer,47,bnci2014_001,9,-0.26118827160493824
scope,tcformer,47,bnci2014_004,9,-0.04623015873015872
scope,tcformer,47,cho2017,52,-0.11948717948717948
scope,tcformer,47,physionet_mi,54,-0.01459753678956576
scope,tcformer,47,EQUAL_DATASET_OVERALL,132,-0.12538396265570179
free_scope,tcformer,7,local_exp4,8,-0.13333333333333333
free_scope,tcformer,7,bnci2014_001,9,-0.11728395061728393
free_scope,tcformer,7,bnci2014_004,9,-0.03715277777777776
free_scope,tcformer,7,cho2017,52,-0.10166666666666666
free_scope,tcformer,7,physionet_mi,54,-0.01633811371130212
free_scope,tcformer,7,EQUAL_DATASET_OVERALL,132,-0.08115496842127276
free_scope,tcformer,17,local_exp4,8,-0.17291666666666666
free_scope,tcformer,17,bnci2014_001,9,-0.19791666666666666
free_scope,tcformer,17,bnci2014_004,9,-0.05887896825396826
free_scope,tcformer,17,cho2017,52,-0.0925801282051282
free_scope,tcformer,17,physionet_mi,54,-0.021858291332929016
free_scope,tcformer,17,EQUAL_DATASET_OVERALL,132,-0.10883014422507178
free_scope,tcformer,27,local_exp4,8,-0.13541666666666669
free_scope,tcformer,27,bnci2014_001,9,-0.17746913580246912
free_scope,tcformer,27,bnci2014_004,9,-0.04067460317460317
free_scope,tcformer,27,cho2017,52,-0.09157051282051284
free_scope,tcformer,27,physionet_mi,54,-0.02598448250622163
free_scope,tcformer,27,EQUAL_DATASET_OVERALL,132,-0.09422308019409469
free_scope,tcformer,37,local_exp4,8,-0.12291666666666667
free_scope,tcformer,37,bnci2014_001,9,-0.17901234567901236
free_scope,tcformer,37,bnci2014_004,9,-0.0424107142857143
free_scope,tcformer,37,cho2017,52,-0.09301282051282052
free_scope,tcformer,37,physionet_mi,54,0.0071056493157942435
free_scope,tcformer,37,EQUAL_DATASET_OVERALL,132,-0.08604937956568393
free_scope,tcformer,47,local_exp4,8,-0.12499999999999999
free_scope,tcformer,47,bnci2014_001,9,-0.1875
free_scope,tcformer,47,bnci2014_004,9,-0.028571428571428588
free_scope,tcformer,47,cho2017,52,-0.10514423076923075
free_scope,tcformer,47,physionet_mi,54,-0.00454815581627176
free_scope,tcformer,47,EQUAL_DATASET_OVERALL,132,-0.09015276303138622
cardinal,tcformer,7,local_exp4,8,-0.10625000000000002
cardinal,tcformer,7,bnci2014_001,9,0.011188271604938287
cardinal,tcformer,7,bnci2014_004,9,-0.03492063492063492
cardinal,tcformer,7,cho2017,52,-0.021474358974358974
cardinal,tcformer,7,physionet_mi,54,0.03829770269987662
cardinal,tcformer,7,EQUAL_DATASET_OVERALL,132,-0.02263180391803581
cardinal,tcformer,17,local_exp4,8,-0.11041666666666668
cardinal,tcformer,17,bnci2014_001,9,-0.033179012345679056
cardinal,tcformer,17,bnci2014_004,9,-0.03710317460317466
cardinal,tcformer,17,cho2017,52,-0.013878205128205139
cardinal,tcformer,17,physionet_mi,54,0.015048910429345207
cardinal,tcformer,17,EQUAL_DATASET_OVERALL,132,-0.03590562966287607
cardinal,tcformer,27,local_exp4,8,-0.06041666666666669
cardinal,tcformer,27,bnci2014_001,9,-0.02584876543209875
cardinal,tcformer,27,bnci2014_004,9,-0.03526785714285713
cardinal,tcformer,27,cho2017,52,-0.020384615384615386
cardinal,tcformer,27,physionet_mi,54,0.01616558093007368
cardinal,tcformer,27,EQUAL_DATASET_OVERALL,132,-0.02515046473923286
cardinal,tcformer,37,local_exp4,8,-0.02500000000000001
cardinal,tcformer,37,bnci2014_001,9,-0.03510802469135802
cardinal,tcformer,37,bnci2014_004,9,-0.042063492063492074
cardinal,tcformer,37,cho2017,52,-0.00940705128205129
cardinal,tcformer,37,physionet_mi,54,0.025542694020954885
cardinal,tcformer,37,EQUAL_DATASET_OVERALL,132,-0.017207174803189302
cardinal,tcformer,47,local_exp4,8,-0.062499999999999986
cardinal,tcformer,47,bnci2014_001,9,-0.03125000000000003
cardinal,tcformer,47,bnci2014_004,9,-0.01969246031746031
cardinal,tcformer,47,cho2017,52,-0.015721153846153843
cardinal,tcformer,47,physionet_mi,54,0.04180085882984432
cardinal,tcformer,47,EQUAL_DATASET_OVERALL,132,-0.017472551066753966
free_cardinal,tcformer,7,local_exp4,8,-0.052083333333333356
free_cardinal,tcformer,7,bnci2014_001,9,0.01195987654320989
free_cardinal,tcformer,7,bnci2014_004,9,-0.0157242063492063
free_cardinal,tcformer,7,cho2017,52,-0.021955128205128203
free_cardinal,tcformer,7,physionet_mi,54,0.03887978299210185
free_cardinal,tcformer,7,EQUAL_DATASET_OVERALL,132,-0.007784601670471225
free_cardinal,tcformer,17,local_exp4,8,-0.03958333333333333
free_cardinal,tcformer,17,bnci2014_001,9,-0.03433641975308647
free_cardinal,tcformer,17,bnci2014_004,9,-0.03154761904761906
free_cardinal,tcformer,17,cho2017,52,-0.013830128205128219
free_cardinal,tcformer,17,physionet_mi,54,0.014225458518936777
free_cardinal,tcformer,17,EQUAL_DATASET_OVERALL,132,-0.02101440836404606
free_cardinal,tcformer,27,local_exp4,8,-0.03958333333333336
free_cardinal,tcformer,27,bnci2014_001,9,-0.027777777777777766
free_cardinal,tcformer,27,bnci2014_004,9,-0.029960317460317472
free_cardinal,tcformer,27,cho2017,52,-0.02064102564102565
free_cardinal,tcformer,27,physionet_mi,54,0.016972258820084903
free_cardinal,tcformer,27,EQUAL_DATASET_OVERALL,132,-0.020198039078473867
free_cardinal,tcformer,37,local_exp4,8,-1.3877787807814457e-17
free_cardinal,tcformer,37,bnci2014_001,9,-0.03395061728395062
free_cardinal,tcformer,37,bnci2014_004,9,-0.022519841269841287
free_cardinal,tcformer,37,cho2017,52,-0.00980769230769231
free_cardinal,tcformer,37,physionet_mi,54,0.02353286139518023
free_cardinal,tcformer,37,EQUAL_DATASET_OVERALL,132,-0.008549057893260801
free_cardinal,tcformer,47,local_exp4,8,-0.002083333333333312
free_cardinal,tcformer,47,bnci2014_001,9,-0.03356481481481482
free_cardinal,tcformer,47,bnci2014_004,9,0.0019345238095237903
free_cardinal,tcformer,47,cho2017,52,-0.01790064102564102
free_cardinal,tcformer,47,physionet_mi,54,0.041089161107277034
free_cardinal,tcformer,47,EQUAL_DATASET_OVERALL,132,-0.0021050208513976655
cardinal_dynamics,tcformer,7,local_exp4,8,-0.0416666666666667
cardinal_dynamics,tcformer,7,bnci2014_001,9,0.0030864197530864274
cardinal_dynamics,tcformer,7,bnci2014_004,9,0.015327380952380978
cardinal_dynamics,tcformer,7,cho2017,52,0.011891025641025642
cardinal_dynamics,tcformer,7,physionet_mi,54,0.031139335034262566
cardinal_dynamics,tcformer,7,EQUAL_DATASET_OVERALL,132,0.003955498942817782
cardinal_dynamics,tcformer,17,local_exp4,8,-0.04791666666666666
cardinal_dynamics,tcformer,17,bnci2014_001,9,-0.03472222222222223
cardinal_dynamics,tcformer,17,bnci2014_004,9,-0.010763888888888906
cardinal_dynamics,tcformer,17,cho2017,52,0.004551282051282046
cardinal_dynamics,tcformer,17,physionet_mi,54,0.02658987215146636
cardinal_dynamics,tcformer,17,EQUAL_DATASET_OVERALL,132,-0.012452324715005878
cardinal_dynamics,tcformer,27,local_exp4,8,-0.037500000000000006
cardinal_dynamics,tcformer,27,bnci2014_001,9,-0.02237654320987654
cardinal_dynamics,tcformer,27,bnci2014_004,9,9.920634920634885e-05
cardinal_dynamics,tcformer,27,cho2017,52,0.002564102564102553
cardinal_dynamics,tcformer,27,physionet_mi,54,0.017076170608779313
cardinal_dynamics,tcformer,27,EQUAL_DATASET_OVERALL,132,-0.008027412737557665
cardinal_dynamics,tcformer,37,local_exp4,8,0.008333333333333331
cardinal_dynamics,tcformer,37,bnci2014_001,9,-0.023148148148148154
cardinal_dynamics,tcformer,37,bnci2014_004,9,0.0035714285714285587
cardinal_dynamics,tcformer,37,cho2017,52,0.017916666666666657
cardinal_dynamics,tcformer,37,physionet_mi,54,0.05293096597444425
cardinal_dynamics,tcformer,37,EQUAL_DATASET_OVERALL,132,0.01192084927954493
cardinal_dynamics,tcformer,47,local_exp4,8,1.3877787807814457e-17
cardinal_dynamics,tcformer,47,bnci2014_001,9,-0.038194444444444434
cardinal_dynamics,tcformer,47,bnci2014_004,9,0.0017857142857142794
cardinal_dynamics,tcformer,47,cho2017,52,0.011714743589743604
cardinal_dynamics,tcformer,47,physionet_mi,54,0.038173531380053125
cardinal_dynamics,tcformer,47,EQUAL_DATASET_OVERALL,132,0.0026959089622133176
cardinal_dynamics_compact,tcformer,7,local_exp4,8,-0.03541666666666668
cardinal_dynamics_compact,tcformer,7,bnci2014_001,9,0.01388888888888892
cardinal_dynamics_compact,tcformer,7,bnci2014_004,9,0.01319444444444446
cardinal_dynamics_compact,tcformer,7,cho2017,52,0.015208333333333332
cardinal_dynamics_compact,tcformer,7,physionet_mi,54,0.048123575297488334
cardinal_dynamics_compact,tcformer,7,EQUAL_DATASET_OVERALL,132,0.010999715059497674
cardinal_dynamics_compact,tcformer,17,local_exp4,8,-0.03750000000000002
cardinal_dynamics_compact,tcformer,17,bnci2014_001,9,-0.03356481481481481
cardinal_dynamics_compact,tcformer,17,bnci2014_004,9,-0.0012896825396825475
cardinal_dynamics_compact,tcformer,17,cho2017,52,0.01448717948717948
cardinal_dynamics_compact,tcformer,17,physionet_mi,54,0.030484494705509204
cardinal_dynamics_compact,tcformer,17,EQUAL_DATASET_OVERALL,132,-0.005476564632361739
cardinal_dynamics_compact,tcformer,27,local_exp4,8,-0.037500000000000006
cardinal_dynamics_compact,tcformer,27,bnci2014_001,9,-0.03163580246913578
cardinal_dynamics_compact,tcformer,27,bnci2014_004,9,0.0020337301587301636
cardinal_dynamics_compact,tcformer,27,cho2017,52,-0.004407051282051295
cardinal_dynamics_compact,tcformer,27,physionet_mi,54,0.014712122954876585
cardinal_dynamics_compact,tcformer,27,EQUAL_DATASET_OVERALL,132,-0.011359400127516064
cardinal_dynamics_compact,tcformer,37,local_exp4,8,0.002083333333333312
cardinal_dynamics_compact,tcformer,37,bnci2014_001,9,-0.02739197530864194
cardinal_dynamics_compact,tcformer,37,bnci2014_004,9,0.013591269841269817
cardinal_dynamics_compact,tcformer,37,cho2017,52,0.0047115384615384615
cardinal_dynamics_compact,tcformer,37,physionet_mi,54,0.02736692320025653
cardinal_dynamics_compact,tcformer,37,EQUAL_DATASET_OVERALL,132,0.004072217905551236
cardinal_dynamics_compact,tcformer,47,local_exp4,8,-0.006249999999999992
cardinal_dynamics_compact,tcformer,47,bnci2014_001,9,-0.0486111111111111
cardinal_dynamics_compact,tcformer,47,bnci2014_004,9,0.013095238095238092
cardinal_dynamics_compact,tcformer,47,cho2017,52,0.010673076923076936
cardinal_dynamics_compact,tcformer,47,physionet_mi,54,0.04034326181065311
cardinal_dynamics_compact,tcformer,47,EQUAL_DATASET_OVERALL,132,0.00185009314357141
cardinal_dynamics_extended,tcformer,7,local_exp4,8,-0.020833333333333343
cardinal_dynamics_extended,tcformer,7,bnci2014_001,9,0.022376543209876556
cardinal_dynamics_extended,tcformer,7,bnci2014_004,9,0.005307539682539695
cardinal_dynamics_extended,tcformer,7,cho2017,52,0.0070993589743589625
cardinal_dynamics_extended,tcformer,7,physionet_mi,54,0.045590916061930546
cardinal_dynamics_extended,tcformer,7,EQUAL_DATASET_OVERALL,132,0.011908204919074484
cardinal_dynamics_extended,tcformer,17,local_exp4,8,-0.024999999999999967
cardinal_dynamics_extended,tcformer,17,bnci2014_001,9,-0.04320987654320992
cardinal_dynamics_extended,tcformer,17,bnci2014_004,9,0.00416666666666664
cardinal_dynamics_extended,tcformer,17,cho2017,52,0.006618589743589747
cardinal_dynamics_extended,tcformer,17,physionet_mi,54,0.027411145617667356
cardinal_dynamics_extended,tcformer,17,EQUAL_DATASET_OVERALL,132,-0.006002694903057231
cardinal_dynamics_extended,tcformer,27,local_exp4,8,-0.03125000000000003
cardinal_dynamics_extended,tcformer,27,bnci2014_001,9,-0.012345679012345685
cardinal_dynamics_extended,tcformer,27,bnci2014_004,9,0.0020833333333333446
cardinal_dynamics_extended,tcformer,27,cho2017,52,0.006330128205128212
cardinal_dynamics_extended,tcformer,27,physionet_mi,54,0.007587956863319193
cardinal_dynamics_extended,tcformer,27,EQUAL_DATASET_OVERALL,132,-0.005518852122112993
cardinal_dynamics_extended,tcformer,37,local_exp4,8,0.02291666666666667
cardinal_dynamics_extended,tcformer,37,bnci2014_001,9,-0.019290123456790105
cardinal_dynamics_extended,tcformer,37,bnci2014_004,9,0.0004960317460317195
cardinal_dynamics_extended,tcformer,37,cho2017,52,0.01081730769230769
cardinal_dynamics_extended,tcformer,37,physionet_mi,54,0.02462752960941366
cardinal_dynamics_extended,tcformer,37,EQUAL_DATASET_OVERALL,132,0.007913482451525927
cardinal_dynamics_extended,tcformer,47,local_exp4,8,0.025000000000000036
cardinal_dynamics_extended,tcformer,47,bnci2014_001,9,-0.036265432098765454
cardinal_dynamics_extended,tcformer,47,bnci2014_004,9,-0.005307539682539676
cardinal_dynamics_extended,tcformer,47,cho2017,52,0.006538461538461538
cardinal_dynamics_extended,tcformer,47,physionet_mi,54,0.04729946985381767
cardinal_dynamics_extended,tcformer,47,EQUAL_DATASET_OVERALL,132,0.007452991922194824
cardinal_dynamics_sinc,tcformer,7,local_exp4,8,-0.04166666666666667
cardinal_dynamics_sinc,tcformer,7,bnci2014_001,9,0.03086419753086421
cardinal_dynamics_sinc,tcformer,7,bnci2014_004,9,0.013740079365079396
cardinal_dynamics_sinc,tcformer,7,cho2017,52,-0.0007371794871794882
cardinal_dynamics_sinc,tcformer,7,physionet_mi,54,0.01488029884769014
cardinal_dynamics_sinc,tcformer,7,EQUAL_DATASET_OVERALL,132,0.003416145917957517
cardinal_dynamics_sinc,tcformer,17,local_exp4,8,-0.09791666666666667
cardinal_dynamics_sinc,tcformer,17,bnci2014_001,9,-0.02044753086419754
cardinal_dynamics_sinc,tcformer,17,bnci2014_004,9,0.002083333333333314
cardinal_dynamics_sinc,tcformer,17,cho2017,52,-0.015384615384615387
cardinal_dynamics_sinc,tcformer,17,physionet_mi,54,0.012503834061805065
cardinal_dynamics_sinc,tcformer,17,EQUAL_DATASET_OVERALL,132,-0.023832329104068243
cardinal_dynamics_sinc,tcformer,27,local_exp4,8,-0.04166666666666666
cardinal_dynamics_sinc,tcformer,27,bnci2014_001,9,-0.02469135802469135
cardinal_dynamics_sinc,tcformer,27,bnci2014_004,9,0.005853174603174607
cardinal_dynamics_sinc,tcformer,27,cho2017,52,-0.0018910256410256464
cardinal_dynamics_sinc,tcformer,27,physionet_mi,54,0.0007809722483635562
cardinal_dynamics_sinc,tcformer,27,EQUAL_DATASET_OVERALL,132,-0.012322980696169099
cardinal_dynamics_sinc,tcformer,37,local_exp4,8,-0.00833333333333336
cardinal_dynamics_sinc,tcformer,37,bnci2014_001,9,-0.042438271604938266
cardinal_dynamics_sinc,tcformer,37,bnci2014_004,9,0.0018353174603174414
cardinal_dynamics_sinc,tcformer,37,cho2017,52,-0.007580128205128211
cardinal_dynamics_sinc,tcformer,37,physionet_mi,54,0.011481925884099794
cardinal_dynamics_sinc,tcformer,37,EQUAL_DATASET_OVERALL,132,-0.00900689795979652
cardinal_dynamics_sinc,tcformer,47,local_exp4,8,-0.010416666666666644
cardinal_dynamics_sinc,tcformer,47,bnci2014_001,9,-0.04128086419753087
cardinal_dynamics_sinc,tcformer,47,bnci2014_004,9,0.016418650793650798
cardinal_dynamics_sinc,tcformer,47,cho2017,52,-0.004006410256410253
cardinal_dynamics_sinc,tcformer,47,physionet_mi,54,0.023037265337989977
cardinal_dynamics_sinc,tcformer,47,EQUAL_DATASET_OVERALL,132,-0.003249604997793397
cardinal_dynamics_sinc_residual,tcformer,7,local_exp4,8,-0.04583333333333335
cardinal_dynamics_sinc_residual,tcformer,7,bnci2014_001,9,0.015046296296296323
cardinal_dynamics_sinc_residual,tcformer,7,bnci2014_004,9,0.012748015873015895
cardinal_dynamics_sinc_residual,tcformer,7,cho2017,52,0.006570512820512812
cardinal_dynamics_sinc_residual,tcformer,7,physionet_mi,54,0.030845462910680303
cardinal_dynamics_sinc_residual,tcformer,7,EQUAL_DATASET_OVERALL,132,0.003875390913434396
cardinal_dynamics_sinc_residual,tcformer,17,local_exp4,8,-0.06041666666666666
cardinal_dynamics_sinc_residual,tcformer,17,bnci2014_001,9,-0.03395061728395061
cardinal_dynamics_sinc_residual,tcformer,17,bnci2014_004,9,-0.0026785714285714438
cardinal_dynamics_sinc_residual,tcformer,17,cho2017,52,-0.0019230769230769334
cardinal_dynamics_sinc_residual,tcformer,17,physionet_mi,54,0.019645645551442655
cardinal_dynamics_sinc_residual,tcformer,17,EQUAL_DATASET_OVERALL,132,-0.0158646573501646
cardinal_dynamics_sinc_residual,tcformer,27,local_exp4,8,-0.043750000000000025
cardinal_dynamics_sinc_residual,tcformer,27,bnci2014_001,9,-0.021990740740740717
cardinal_dynamics_sinc_residual,tcformer,27,bnci2014_004,9,0.008085317460317456
cardinal_dynamics_sinc_residual,tcformer,27,cho2017,52,-0.0016025641025641107
cardinal_dynamics_sinc_residual,tcformer,27,physionet_mi,54,0.019727555053642012
cardinal_dynamics_sinc_residual,tcformer,27,EQUAL_DATASET_OVERALL,132,-0.007906086465869076
cardinal_dynamics_sinc_residual,tcformer,37,local_exp4,8,-0.022916666666666655
cardinal_dynamics_sinc_residual,tcformer,37,bnci2014_001,9,-0.019675925925925906
cardinal_dynamics_sinc_residual,tcformer,37,bnci2014_004,9,0.006795634920634915
cardinal_dynamics_sinc_residual,tcformer,37,cho2017,52,0.0003205128205128119
cardinal_dynamics_sinc_residual,tcformer,37,physionet_mi,54,0.017959965423733532
cardinal_dynamics_sinc_residual,tcformer,37,EQUAL_DATASET_OVERALL,132,-0.003503295885542259
cardinal_dynamics_sinc_residual,tcformer,47,local_exp4,8,-0.03124999999999996
cardinal_dynamics_sinc_residual,tcformer,47,bnci2014_001,9,-0.026620370370370364
cardinal_dynamics_sinc_residual,tcformer,47,bnci2014_004,9,0.021081349206349218
cardinal_dynamics_sinc_residual,tcformer,47,cho2017,52,0.0002884615384615419
cardinal_dynamics_sinc_residual,tcformer,47,physionet_mi,54,0.02747911307693917
cardinal_dynamics_sinc_residual,tcformer,47,EQUAL_DATASET_OVERALL,132,-0.001804289309724079
cardinal_dynamics_sinc_extended,tcformer,7,local_exp4,8,-0.008333333333333345
cardinal_dynamics_sinc_extended,tcformer,7,bnci2014_001,9,0.015817901234567902
cardinal_dynamics_sinc_extended,tcformer,7,bnci2014_004,9,0.011805555555555612
cardinal_dynamics_sinc_extended,tcformer,7,cho2017,52,-0.0007051282051282043
cardinal_dynamics_sinc_extended,tcformer,7,physionet_mi,54,0.0238618064705021
cardinal_dynamics_sinc_extended,tcformer,7,EQUAL_DATASET_OVERALL,132,0.008489360344432812
cardinal_dynamics_sinc_extended,tcformer,17,local_exp4,8,-0.012499999999999997
cardinal_dynamics_sinc_extended,tcformer,17,bnci2014_001,9,-0.022376543209876556
cardinal_dynamics_sinc_extended,tcformer,17,bnci2014_004,9,-0.0013392857142857403
cardinal_dynamics_sinc_extended,tcformer,17,cho2017,52,-0.003910256410256419
cardinal_dynamics_sinc_extended,tcformer,17,physionet_mi,54,-0.0006184603104892986
cardinal_dynamics_sinc_extended,tcformer,17,EQUAL_DATASET_OVERALL,132,-0.008148909128981602
cardinal_dynamics_sinc_extended,tcformer,27,local_exp4,8,0.0
cardinal_dynamics_sinc_extended,tcformer,27,bnci2014_001,9,-0.00617283950617283
cardinal_dynamics_sinc_extended,tcformer,27,bnci2014_004,9,0.013442460317460318
cardinal_dynamics_sinc_extended,tcformer,27,cho2017,52,0.0031891025641025673
cardinal_dynamics_sinc_extended,tcformer,27,physionet_mi,54,0.014808410188844975
cardinal_dynamics_sinc_extended,tcformer,27,EQUAL_DATASET_OVERALL,132,0.005053426712847006
cardinal_dynamics_sinc_extended,tcformer,37,local_exp4,8,0.022916666666666655
cardinal_dynamics_sinc_extended,tcformer,37,bnci2014_001,9,-0.03125
cardinal_dynamics_sinc_extended,tcformer,37,bnci2014_004,9,0.0107142857142857
cardinal_dynamics_sinc_extended,tcformer,37,cho2017,52,0.002644230769230767
cardinal_dynamics_sinc_extended,tcformer,37,physionet_mi,54,0.034488257314344274
cardinal_dynamics_sinc_extended,tcformer,37,EQUAL_DATASET_OVERALL,132,0.00790268809290548
cardinal_dynamics_sinc_extended,tcformer,47,local_exp4,8,0.018750000000000017
cardinal_dynamics_sinc_extended,tcformer,47,bnci2014_001,9,-0.024305555555555556
cardinal_dynamics_sinc_extended,tcformer,47,bnci2014_004,9,0.013492063492063475
cardinal_dynamics_sinc_extended,tcformer,47,cho2017,52,-0.012772435897435892
cardinal_dynamics_sinc_extended,tcformer,47,physionet_mi,54,0.026114317780984435
cardinal_dynamics_sinc_extended,tcformer,47,EQUAL_DATASET_OVERALL,132,0.0042556779640112955
eegnet,tcformer,7,local_exp4,8,-0.04375
eegnet,tcformer,7,bnci2014_001,9,-0.2048611111111111
eegnet,tcformer,7,bnci2014_004,9,0.006150793650793672
eegnet,tcformer,7,cho2017,52,-0.07891025641025642
eegnet,tcformer,7,physionet_mi,54,-0.04183985298115734
eegnet,tcformer,7,EQUAL_DATASET_OVERALL,132,-0.07264208537034625
eegnet,tcformer,17,local_exp4,8,-0.006249999999999992
eegnet,tcformer,17,bnci2014_001,9,-0.20871913580246915
eegnet,tcformer,17,bnci2014_004,9,-0.11666666666666664
eegnet,tcformer,17,cho2017,52,-0.05413461538461539
eegnet,tcformer,17,physionet_mi,54,-0.04720383615311153
eegnet,tcformer,17,EQUAL_DATASET_OVERALL,132,-0.08659485080137254
eegnet,tcformer,27,local_exp4,8,-0.10000000000000002
eegnet,tcformer,27,bnci2014_001,9,-0.3236882716049383
eegnet,tcformer,27,bnci2014_004,9,-0.07807539682539683
eegnet,tcformer,27,cho2017,52,-0.05663461538461539
eegnet,tcformer,27,physionet_mi,54,-0.037913425141686004
eegnet,tcformer,27,EQUAL_DATASET_OVERALL,132,-0.1192623417913273
eegnet,tcformer,37,local_exp4,8,-0.16458333333333336
eegnet,tcformer,37,bnci2014_001,9,-0.16280864197530864
eegnet,tcformer,37,bnci2014_004,9,-0.0789186507936508
eegnet,tcformer,37,cho2017,52,-0.043445512820512816
eegnet,tcformer,37,physionet_mi,54,-0.023178210678210683
eegnet,tcformer,37,EQUAL_DATASET_OVERALL,132,-0.09458686992020326
eegnet,tcformer,47,local_exp4,8,-0.0645833333333333
eegnet,tcformer,47,bnci2014_001,9,-0.3425925925925926
eegnet,tcformer,47,bnci2014_004,9,0.006845238095238102
eegnet,tcformer,47,cho2017,52,-0.07451923076923077
eegnet,tcformer,47,physionet_mi,54,-0.02679203177391584
eegnet,tcformer,47,EQUAL_DATASET_OVERALL,132,-0.10032839007476688
shallow,tcformer,7,local_exp4,8,-0.05000000000000002
shallow,tcformer,7,bnci2014_001,9,-0.030092592592592622
shallow,tcformer,7,bnci2014_004,9,0.0002976190476190589
shallow,tcformer,7,cho2017,52,-0.014198717948717948
shallow,tcformer,7,physionet_mi,54,0.0087510282256659
shallow,tcformer,7,EQUAL_DATASET_OVERALL,132,-0.017048532653605127
shallow,tcformer,17,local_exp4,8,-0.05208333333333333
shallow,tcformer,17,bnci2014_001,9,-0.0775462962962963
shallow,tcformer,17,bnci2014_004,9,-0.011309523809523832
shallow,tcformer,17,cho2017,52,-0.005528846153846162
shallow,tcformer,17,physionet_mi,54,0.014870495848756712
shallow,tcformer,17,EQUAL_DATASET_OVERALL,132,-0.02631950074884858
shallow,tcformer,27,local_exp4,8,-0.056249999999999994
shallow,tcformer,27,bnci2014_001,9,-0.06674382716049385
shallow,tcformer,27,bnci2014_004,9,-0.005902777777777788
shallow,tcformer,27,cho2017,52,-0.012499999999999999
shallow,tcformer,27,physionet_mi,54,-0.0009977274470028008
shallow,tcformer,27,EQUAL_DATASET_OVERALL,132,-0.028478866477054887
shallow,tcformer,37,local_exp4,8,-0.012500000000000025
shallow,tcformer,37,bnci2014_001,9,-0.08526234567901236
shallow,tcformer,37,bnci2014_004,9,-0.008184523809523824
shallow,tcformer,37,cho2017,52,-0.015641025641025645
shallow,tcformer,37,physionet_mi,54,0.022198782162550272
shallow,tcformer,37,EQUAL_DATASET_OVERALL,132,-0.019877822593402317
shallow,tcformer,47,local_exp4,8,-0.006249999999999964
shallow,tcformer,47,bnci2014_001,9,-0.08757716049382716
shallow,tcformer,47,bnci2014_004,9,-0.005456349206349218
shallow,tcformer,47,cho2017,52,-0.01690705128205127
shallow,tcformer,47,physionet_mi,54,0.009389748067284289
shallow,tcformer,47,EQUAL_DATASET_OVERALL,132,-0.021360162582988663
deep4,tcformer,7,local_exp4,8,-0.23125000000000004
deep4,tcformer,7,bnci2014_001,9,-0.38348765432098764
deep4,tcformer,7,bnci2014_004,9,-0.08070436507936506
deep4,tcformer,7,cho2017,52,-0.1325641025641026
deep4,tcformer,7,physionet_mi,54,-0.03332017553032046
deep4,tcformer,7,EQUAL_DATASET_OVERALL,132,-0.17226525949895516
deep4,tcformer,17,local_exp4,8,-0.2958333333333333
deep4,tcformer,17,bnci2014_001,9,-0.4270833333333333
deep4,tcformer,17,bnci2014_004,9,-0.08883928571428573
deep4,tcformer,17,cho2017,52,-0.1315544871794872
deep4,tcformer,17,physionet_mi,54,-0.05416962935078878
deep4,tcformer,17,EQUAL_DATASET_OVERALL,132,-0.19949601378224563
deep4,tcformer,27,local_exp4,8,-0.3104166666666667
deep4,tcformer,27,bnci2014_001,9,-0.3483796296296296
deep4,tcformer,27,bnci2014_004,9,-0.08616071428571427
deep4,tcformer,27,cho2017,52,-0.14277243589743588
deep4,tcformer,27,physionet_mi,54,-0.0602466173118347
deep4,tcformer,27,EQUAL_DATASET_OVERALL,132,-0.18959521275825625
deep4,tcformer,37,local_exp4,8,-0.16666666666666669
deep4,tcformer,37,bnci2014_001,9,-0.45640432098765427
deep4,tcformer,37,bnci2014_004,9,-0.07341269841269844
deep4,tcformer,37,cho2017,52,-0.1427724358974359
deep4,tcformer,37,physionet_mi,54,-0.04089767586144398
deep4,tcformer,37,EQUAL_DATASET_OVERALL,132,-0.17603075956517988
deep4,tcformer,47,local_exp4,8,-0.22499999999999998
deep4,tcformer,47,bnci2014_001,9,-0.44058641975308643
deep4,tcformer,47,bnci2014_004,9,-0.0691468253968254
deep4,tcformer,47,cho2017,52,-0.149599358974359
deep4,tcformer,47,physionet_mi,54,-0.02968674843674844
deep4,tcformer,47,EQUAL_DATASET_OVERALL,132,-0.18280387051220384
eegconformer,tcformer,7,local_exp4,8,-0.03333333333333334
eegconformer,tcformer,7,bnci2014_001,9,-0.07291666666666664
eegconformer,tcformer,7,bnci2014_004,9,-0.01294642857142855
eegconformer,tcformer,7,cho2017,52,-0.038846153846153836
eegconformer,tcformer,7,physionet_mi,54,0.017161783466131283
eegconformer,tcformer,7,EQUAL_DATASET_OVERALL,132,-0.028176159790290218
eegconformer,tcformer,17,local_exp4,8,-0.035416666666666666
eegconformer,tcformer,17,bnci2014_001,9,-0.13155864197530864
eegconformer,tcformer,17,bnci2014_004,9,0.0053075396825396455
eegconformer,tcformer,17,cho2017,52,-0.04003205128205129
eegconformer,tcformer,17,physionet_mi,54,0.019013025353605075
eegconformer,tcformer,17,EQUAL_DATASET_OVERALL,132,-0.03653735897757637
eegconformer,tcformer,27,local_exp4,8,-0.035416666666666666
eegconformer,tcformer,27,bnci2014_001,9,-0.10300925925925924
eegconformer,tcformer,27,bnci2014_004,9,0.014037698412698425
eegconformer,tcformer,27,cho2017,52,-0.03131410256410257
eegconformer,tcformer,27,physionet_mi,54,0.013595234609727377
eegconformer,tcformer,27,EQUAL_DATASET_OVERALL,132,-0.028421419093520528
eegconformer,tcformer,37,local_exp4,8,-0.008333333333333318
eegconformer,tcformer,37,bnci2014_001,9,-0.12384259259259262
eegconformer,tcformer,37,bnci2014_004,9,-0.01979166666666669
eegconformer,tcformer,37,cho2017,52,-0.028429487179487182
eegconformer,tcformer,37,physionet_mi,54,0.01256504834403385
eegconformer,tcformer,37,EQUAL_DATASET_OVERALL,132,-0.03356640628560918
eegconformer,tcformer,47,local_exp4,8,2.7755575615628914e-17
eegconformer,tcformer,47,bnci2014_001,9,-0.09760802469135804
eegconformer,tcformer,47,bnci2014_004,9,0.023412698412698423
eegconformer,tcformer,47,cho2017,52,-0.03849358974358973
eegconformer,tcformer,47,physionet_mi,54,0.015763004440540667
eegconformer,tcformer,47,EQUAL_DATASET_OVERALL,132,-0.019385182316341728
eegconformer_compact,tcformer,7,local_exp4,8,-0.052083333333333356
eegconformer_compact,tcformer,7,bnci2014_001,9,-0.04706790123456787
eegconformer_compact,tcformer,7,bnci2014_004,9,0.0016369047619047992
eegconformer_compact,tcformer,7,cho2017,52,-0.049342948717948726
eegconformer_compact,tcformer,7,physionet_mi,54,0.02508914193696803
eegconformer_compact,tcformer,7,EQUAL_DATASET_OVERALL,132,-0.024353627317395425
eegconformer_compact,tcformer,17,local_exp4,8,-0.05000000000000002
eegconformer_compact,tcformer,17,bnci2014_001,9,-0.12114197530864196
eegconformer_compact,tcformer,17,bnci2014_004,9,-0.006498015873015881
eegconformer_compact,tcformer,17,cho2017,52,-0.038397435897435904
eegconformer_compact,tcformer,17,physionet_mi,54,0.015581975726903263
eegconformer_compact,tcformer,17,EQUAL_DATASET_OVERALL,132,-0.0400910902704381
eegconformer_compact,tcformer,27,local_exp4,8,-0.03541666666666668
eegconformer_compact,tcformer,27,bnci2014_001,9,-0.16049382716049385
eegconformer_compact,tcformer,27,bnci2014_004,9,0.0011408730158729995
eegconformer_compact,tcformer,27,cho2017,52,-0.036666666666666674
eegconformer_compact,tcformer,27,physionet_mi,54,-0.00277446654258247
eegconformer_compact,tcformer,27,EQUAL_DATASET_OVERALL,132,-0.046842150804107335
eegconformer_compact,tcformer,37,local_exp4,8,-0.022916666666666682
eegconformer_compact,tcformer,37,bnci2014_001,9,-0.06558641975308639
eegconformer_compact,tcformer,37,bnci2014_004,9,-0.007242063492063491
eegconformer_compact,tcformer,37,cho2017,52,-0.03392628205128206
eegconformer_compact,tcformer,37,physionet_mi,54,0.032743759193034565
eegconformer_compact,tcformer,37,EQUAL_DATASET_OVERALL,132,-0.01938553455401281
eegconformer_compact,tcformer,47,local_exp4,8,-0.03125
eegconformer_compact,tcformer,47,bnci2014_001,9,-0.0949074074074074
eegconformer_compact,tcformer,47,bnci2014_004,9,-0.003720238095238094
eegconformer_compact,tcformer,47,cho2017,52,-0.04126602564102563
eegconformer_compact,tcformer,47,physionet_mi,54,0.01818260242173286
eegconformer_compact,tcformer,47,EQUAL_DATASET_OVERALL,132,-0.03059221374438765
atcnet,tcformer,7,local_exp4,8,-0.03541666666666668
atcnet,tcformer,7,bnci2014_001,9,-0.0659722222222222
atcnet,tcformer,7,bnci2014_004,9,0.005059523809523841
atcnet,tcformer,7,cho2017,52,-0.036506410256410264
atcnet,tcformer,7,physionet_mi,54,0.025145999330781935
atcnet,tcformer,7,EQUAL_DATASET_OVERALL,132,-0.02153795520099867
atcnet,tcformer,17,local_exp4,8,-0.13541666666666666
atcnet,tcformer,17,bnci2014_001,9,-0.08873456790123462
atcnet,tcformer,17,bnci2014_004,9,-0.012847222222222232
atcnet,tcformer,17,cho2017,52,-0.03980769230769232
atcnet,tcformer,17,physionet_mi,54,0.0011979264696656041
atcnet,tcformer,17,EQUAL_DATASET_OVERALL,132,-0.055121644525630044
atcnet,tcformer,27,local_exp4,8,-0.06250000000000001
atcnet,tcformer,27,bnci2014_001,9,-0.11265432098765432
atcnet,tcformer,27,bnci2014_004,9,0.004662698412698427
atcnet,tcformer,27,cho2017,52,-0.04679487179487179
atcnet,tcformer,27,physionet_mi,54,-0.015514661800893677
atcnet,tcformer,27,EQUAL_DATASET_OVERALL,132,-0.046560231234144274
atcnet,tcformer,37,local_exp4,8,-0.033333333333333326
atcnet,tcformer,37,bnci2014_001,9,-0.11265432098765432
atcnet,tcformer,37,bnci2014_004,9,-0.0012896825396825722
atcnet,tcformer,37,cho2017,52,-0.04035256410256411
atcnet,tcformer,37,physionet_mi,54,-0.0008432757526960488
atcnet,tcformer,37,EQUAL_DATASET_OVERALL,132,-0.037694635343186074
atcnet,tcformer,47,local_exp4,8,-0.09791666666666664
atcnet,tcformer,47,bnci2014_001,9,-0.10069444444444448
atcnet,tcformer,47,bnci2014_004,9,0.011904761904761906
atcnet,tcformer,47,cho2017,52,-0.04770833333333334
atcnet,tcformer,47,physionet_mi,54,0.0024751483084816434
atcnet,tcformer,47,EQUAL_DATASET_OVERALL,132,-0.04638790684624018
atcnet_aggressive_pool,tcformer,7,local_exp4,8,-0.07916666666666669
atcnet_aggressive_pool,tcformer,7,bnci2014_001,9,-0.07175925925925926
atcnet_aggressive_pool,tcformer,7,bnci2014_004,9,0.0031250000000000197
atcnet_aggressive_pool,tcformer,7,cho2017,52,-0.05209935897435898
atcnet_aggressive_pool,tcformer,7,physionet_mi,54,0.007337871468306241
atcnet_aggressive_pool,tcformer,7,EQUAL_DATASET_OVERALL,132,-0.03851248268639574
atcnet_aggressive_pool,tcformer,17,local_exp4,8,-0.04791666666666666
atcnet_aggressive_pool,tcformer,17,bnci2014_001,9,-0.1030092592592593
atcnet_aggressive_pool,tcformer,17,bnci2014_004,9,-0.02306547619047622
atcnet_aggressive_pool,tcformer,17,cho2017,52,-0.057884615384615395
atcnet_aggressive_pool,tcformer,17,physionet_mi,54,-0.020282840482115844
atcnet_aggressive_pool,tcformer,17,EQUAL_DATASET_OVERALL,132,-0.050431771596626686
atcnet_aggressive_pool,tcformer,27,local_exp4,8,-0.09166666666666667
atcnet_aggressive_pool,tcformer,27,bnci2014_001,9,-0.10686728395061727
atcnet_aggressive_pool,tcformer,27,bnci2014_004,9,-0.0015873015873015756
atcnet_aggressive_pool,tcformer,27,cho2017,52,-0.06030448717948718
atcnet_aggressive_pool,tcformer,27,physionet_mi,54,-0.02036649273968114
atcnet_aggressive_pool,tcformer,27,EQUAL_DATASET_OVERALL,132,-0.05615844642475078
atcnet_aggressive_pool,tcformer,37,local_exp4,8,0.018749999999999975
atcnet_aggressive_pool,tcformer,37,bnci2014_001,9,-0.1338734567901235
atcnet_aggressive_pool,tcformer,37,bnci2014_004,9,0.0029761904761904778
atcnet_aggressive_pool,tcformer,37,cho2017,52,-0.06150641025641025
atcnet_aggressive_pool,tcformer,37,physionet_mi,54,-0.008718569406975204
atcnet_aggressive_pool,tcformer,37,EQUAL_DATASET_OVERALL,132,-0.03647444919546371
atcnet_aggressive_pool,tcformer,47,local_exp4,8,-0.024999999999999994
atcnet_aggressive_pool,tcformer,47,bnci2014_001,9,-0.1076388888888889
atcnet_aggressive_pool,tcformer,47,bnci2014_004,9,0.016716269841269844
atcnet_aggressive_pool,tcformer,47,cho2017,52,-0.06780448717948716
atcnet_aggressive_pool,tcformer,47,physionet_mi,54,-0.004540749105966495
atcnet_aggressive_pool,tcformer,47,EQUAL_DATASET_OVERALL,132,-0.03765357106661454
fbcnet,tcformer,7,local_exp4,8,-0.024999999999999994
fbcnet,tcformer,7,bnci2014_001,9,0.06635802469135806
fbcnet,tcformer,7,bnci2014_004,9,-0.01349206349206348
fbcnet,tcformer,7,cho2017,52,-0.0027403846153846176
fbcnet,tcformer,7,physionet_mi,54,-0.008842958571219438
fbcnet,tcformer,7,EQUAL_DATASET_OVERALL,132,0.0032565236025381057
fbcnet,tcformer,17,local_exp4,8,-0.022916666666666655
fbcnet,tcformer,17,bnci2014_001,9,-0.001929012345679024
fbcnet,tcformer,17,bnci2014_004,9,-0.024603174603174613
fbcnet,tcformer,17,cho2017,52,0.0025480769230769116
fbcnet,tcformer,17,physionet_mi,54,-0.013236227004342953
fbcnet,tcformer,17,EQUAL_DATASET_OVERALL,132,-0.012027400739357267
fbcnet,tcformer,27,local_exp4,8,-0.012499999999999997
fbcnet,tcformer,27,bnci2014_001,9,0.020061728395061745
fbcnet,tcformer,27,bnci2014_004,9,-0.01765873015873015
fbcnet,tcformer,27,cho2017,52,0.001121794871794871
fbcnet,tcformer,27,physionet_mi,54,-0.020596754292406455
fbcnet,tcformer,27,EQUAL_DATASET_OVERALL,132,-0.005914392236855998
fbcnet,tcformer,37,local_exp4,8,0.014583333333333337
fbcnet,tcformer,37,bnci2014_001,9,0.014660493827160503
fbcnet,tcformer,37,bnci2014_004,9,-0.004960317460317467
fbcnet,tcformer,37,cho2017,52,0.00035256410256410644
fbcnet,tcformer,37,physionet_mi,54,-0.011795186161128192
fbcnet,tcformer,37,EQUAL_DATASET_OVERALL,132,0.0025681775283224574
fbcnet,tcformer,47,local_exp4,8,0.01666666666666669
fbcnet,tcformer,47,bnci2014_001,9,0.009645061728395065
fbcnet,tcformer,47,bnci2014_004,9,0.0015376984126984072
fbcnet,tcformer,47,cho2017,52,0.005384615384615387
fbcnet,tcformer,47,physionet_mi,54,-0.00043808513011411556
fbcnet,tcformer,47,EQUAL_DATASET_OVERALL,132,0.0065591914124522865
cardinal_fbc,tcformer,7,local_exp4,8,-0.033333333333333354
cardinal_fbc,tcformer,7,bnci2014_001,9,0.06211419753086424
cardinal_fbc,tcformer,7,bnci2014_004,9,-0.006448412698412688
cardinal_fbc,tcformer,7,cho2017,52,-0.0021474358974358948
cardinal_fbc,tcformer,7,physionet_mi,54,-0.009245535060752449
cardinal_fbc,tcformer,7,EQUAL_DATASET_OVERALL,132,0.0021878961081859697
cardinal_fbc,tcformer,17,local_exp4,8,-0.03125
cardinal_fbc,tcformer,17,bnci2014_001,9,0.010416666666666649
cardinal_fbc,tcformer,17,bnci2014_004,9,-0.020436507936507968
cardinal_fbc,tcformer,17,cho2017,52,0.00019230769230768393
cardinal_fbc,tcformer,17,physionet_mi,54,-0.011878402729852012
cardinal_fbc,tcformer,17,EQUAL_DATASET_OVERALL,132,-0.010591187261477128
cardinal_fbc,tcformer,27,local_exp4,8,-0.025000000000000022
cardinal_fbc,tcformer,27,bnci2014_001,9,0.020061728395061745
cardinal_fbc,tcformer,27,bnci2014_004,9,-0.006001984126984118
cardinal_fbc,tcformer,27,cho2017,52,-8.012820512820377e-05
cardinal_fbc,tcformer,27,physionet_mi,54,-0.021495362527971216
cardinal_fbc,tcformer,27,EQUAL_DATASET_OVERALL,132,-0.006503149293004362
cardinal_fbc,tcformer,37,local_exp4,8,-1.3877787807814457e-17
cardinal_fbc,tcformer,37,bnci2014_001,9,0.01543209876543208
cardinal_fbc,tcformer,37,bnci2014_004,9,-0.010317460317460355
cardinal_fbc,tcformer,37,cho2017,52,0.0015865384615384682
cardinal_fbc,tcformer,37,physionet_mi,54,-0.011795186161128192
cardinal_fbc,tcformer,37,EQUAL_DATASET_OVERALL,132,-0.0010188018503236025
cardinal_fbc,tcformer,47,local_exp4,8,0.020833333333333356
cardinal_fbc,tcformer,47,bnci2014_001,9,0.022376543209876514
cardinal_fbc,tcformer,47,bnci2014_004,9,0.0023809523809523786
cardinal_fbc,tcformer,47,cho2017,52,0.003990384615384622
cardinal_fbc,tcformer,47,physionet_mi,54,0.0012088186907027484
cardinal_fbc,tcformer,47,EQUAL_DATASET_OVERALL,132,0.010158006446049925
cardinal_fbc_extended,tcformer,7,local_exp4,8,-0.02083333333333333
cardinal_fbc_extended,tcformer,7,bnci2014_001,9,0.06288580246913582
cardinal_fbc_extended,tcformer,7,bnci2014_004,9,-0.03010912698412698
cardinal_fbc_extended,tcformer,7,cho2017,52,-0.0038782051282051314
cardinal_fbc_extended,tcformer,7,physionet_mi,54,-0.007484480763466267
cardinal_fbc_extended,tcformer,7,EQUAL_DATASET_OVERALL,132,0.00011613125200082199
cardinal_fbc_extended,tcformer,17,local_exp4,8,-0.027083333333333307
cardinal_fbc_extended,tcformer,17,bnci2014_001,9,0.010416666666666649
cardinal_fbc_extended,tcformer,17,bnci2014_004,9,-0.024751984126984136
cardinal_fbc_extended,tcformer,17,cho2017,52,0.0008333333333333354
cardinal_fbc_extended,tcformer,17,physionet_mi,54,-0.013142771747844218
cardinal_fbc_extended,tcformer,17,EQUAL_DATASET_OVERALL,132,-0.010745617841632336
cardinal_fbc_extended,tcformer,27,local_exp4,8,-0.012499999999999997
cardinal_fbc_extended,tcformer,27,bnci2014_001,9,0.017361111111111122
cardinal_fbc_extended,tcformer,27,bnci2014_004,9,0.006646825396825429
cardinal_fbc_extended,tcformer,27,cho2017,52,0.0030288461538461524
cardinal_fbc_extended,tcformer,27,physionet_mi,54,-0.02391561404242563
cardinal_fbc_extended,tcformer,27,EQUAL_DATASET_OVERALL,132,-0.001875766276128585
cardinal_fbc_extended,tcformer,37,local_exp4,8,0.016666666666666663
cardinal_fbc_extended,tcformer,37,bnci2014_001,9,0.009259259259259238
cardinal_fbc_extended,tcformer,37,bnci2014_004,9,-0.012946428571428569
cardinal_fbc_extended,tcformer,37,cho2017,52,0.0035897435897436
cardinal_fbc_extended,tcformer,37,physionet_mi,54,-0.012438262891161444
cardinal_fbc_extended,tcformer,37,EQUAL_DATASET_OVERALL,132,0.0008261956106158975
cardinal_fbc_extended,tcformer,47,local_exp4,8,0.016666666666666677
cardinal_fbc_extended,tcformer,47,bnci2014_001,9,0.01195987654320987
cardinal_fbc_extended,tcformer,47,bnci2014_004,9,-0.0036210317460317826
cardinal_fbc_extended,tcformer,47,cho2017,52,0.006121794871794877
cardinal_fbc_extended,tcformer,47,physionet_mi,54,0.0020505695324535894
cardinal_fbc_extended,tcformer,47,EQUAL_DATASET_OVERALL,132,0.006635575173618647
cardinal_fbc_corr,tcformer,7,local_exp4,8,-0.04166666666666666
cardinal_fbc_corr,tcformer,7,bnci2014_001,9,0.06327160493827161
cardinal_fbc_corr,tcformer,7,bnci2014_004,9,-0.004464285714285723
cardinal_fbc_corr,tcformer,7,cho2017,52,0.005769230769230768
cardinal_fbc_corr,tcformer,7,physionet_mi,54,0.0005936260465245984
cardinal_fbc_corr,tcformer,7,EQUAL_DATASET_OVERALL,132,0.0047007018746149185
cardinal_fbc_corr,tcformer,17,local_exp4,8,-0.03958333333333332
cardinal_fbc_corr,tcformer,17,bnci2014_001,9,0.015432098765432105
cardinal_fbc_corr,tcformer,17,bnci2014_004,9,-0.04345238095238097
cardinal_fbc_corr,tcformer,17,cho2017,52,0.005096153846153828
cardinal_fbc_corr,tcformer,17,physionet_mi,54,-0.014115229242040837
cardinal_fbc_corr,tcformer,17,EQUAL_DATASET_OVERALL,132,-0.015324538183233838
cardinal_fbc_corr,tcformer,27,local_exp4,8,-0.037500000000000006
cardinal_fbc_corr,tcformer,27,bnci2014_001,9,0.023919753086419762
cardinal_fbc_corr,tcformer,27,bnci2014_004,9,0.009226190476190462
cardinal_fbc_corr,tcformer,27,cho2017,52,0.009198717948717954
cardinal_fbc_corr,tcformer,27,physionet_mi,54,-0.00831425016207625
cardinal_fbc_corr,tcformer,27,EQUAL_DATASET_OVERALL,132,-0.0006939177301496155
cardinal_fbc_corr,tcformer,37,local_exp4,8,0.002083333333333312
cardinal_fbc_corr,tcformer,37,bnci2014_001,9,0.008873456790123462
cardinal_fbc_corr,tcformer,37,bnci2014_004,9,-0.00753968253968255
cardinal_fbc_corr,tcformer,37,cho2017,52,0.0033974358974358967
cardinal_fbc_corr,tcformer,37,physionet_mi,54,-0.0008136489114750037
cardinal_fbc_corr,tcformer,37,EQUAL_DATASET_OVERALL,132,0.0012001789139470232
cardinal_fbc_corr,tcformer,47,local_exp4,8,2.7755575615628914e-17
cardinal_fbc_corr,tcformer,47,bnci2014_001,9,0.013888888888888888
cardinal_fbc_corr,tcformer,47,bnci2014_004,9,-0.03164682539682539
cardinal_fbc_corr,tcformer,47,cho2017,52,0.011089743589743593
cardinal_fbc_corr,tcformer,47,physionet_mi,54,0.0103874755142871
cardinal_fbc_corr,tcformer,47,EQUAL_DATASET_OVERALL,132,0.000743856519218844
cardinal_fbc_corr_extended,tcformer,7,local_exp4,8,-0.022916666666666682
cardinal_fbc_corr_extended,tcformer,7,bnci2014_001,9,0.06751543209876544
cardinal_fbc_corr_extended,tcformer,7,bnci2014_004,9,-0.013343253968253976
cardinal_fbc_corr_extended,tcformer,7,cho2017,52,0.006442307692307695
cardinal_fbc_corr_extended,tcformer,7,physionet_mi,54,0.0010896577925563447
cardinal_fbc_corr_extended,tcformer,7,EQUAL_DATASET_OVERALL,132,0.007757495389741765
cardinal_fbc_corr_extended,tcformer,17,local_exp4,8,-0.03541666666666664
cardinal_fbc_corr_extended,tcformer,17,bnci2014_001,9,0.011959876543209853
cardinal_fbc_corr_extended,tcformer,17,bnci2014_004,9,-0.04642857142857146
cardinal_fbc_corr_extended,tcformer,17,cho2017,52,-0.0007211538461538586
cardinal_fbc_corr_extended,tcformer,17,physionet_mi,54,-0.00978339293556685
cardinal_fbc_corr_extended,tcformer,17,EQUAL_DATASET_OVERALL,132,-0.01607798166674979
cardinal_fbc_corr_extended,tcformer,27,local_exp4,8,-0.018750000000000017
cardinal_fbc_corr_extended,tcformer,27,bnci2014_001,9,0.012345679012345697
cardinal_fbc_corr_extended,tcformer,27,bnci2014_004,9,0.004712301587301583
cardinal_fbc_corr_extended,tcformer,27,cho2017,52,0.0069711538461538535
cardinal_fbc_corr_extended,tcformer,27,physionet_mi,54,-0.023002845919512585
cardinal_fbc_corr_extended,tcformer,27,EQUAL_DATASET_OVERALL,132,-0.003544742294742294
cardinal_fbc_corr_extended,tcformer,37,local_exp4,8,0.008333333333333318
cardinal_fbc_corr_extended,tcformer,37,bnci2014_001,9,0.012345679012345685
cardinal_fbc_corr_extended,tcformer,37,bnci2014_004,9,-0.021081349206349225
cardinal_fbc_corr_extended,tcformer,37,cho2017,52,0.00616987179487179
cardinal_fbc_corr_extended,tcformer,37,physionet_mi,54,0.007740012268997777
cardinal_fbc_corr_extended,tcformer,37,EQUAL_DATASET_OVERALL,132,0.0027015094406398687
cardinal_fbc_corr_extended,tcformer,47,local_exp4,8,0.025000000000000022
cardinal_fbc_corr_extended,tcformer,47,bnci2014_001,9,0.016589506172839497
cardinal_fbc_corr_extended,tcformer,47,bnci2014_004,9,-0.02678571428571426
cardinal_fbc_corr_extended,tcformer,47,cho2017,52,0.009647435897435898
cardinal_fbc_corr_extended,tcformer,47,physionet_mi,54,0.01770073056304939
cardinal_fbc_corr_extended,tcformer,47,EQUAL_DATASET_OVERALL,132,0.00843039166952211
cardinal_fbc_compactdyn,tcformer,7,local_exp4,8,-0.07083333333333335
cardinal_fbc_compactdyn,tcformer,7,bnci2014_001,9,0.07330246913580252
cardinal_fbc_compactdyn,tcformer,7,bnci2014_004,9,-0.0017361111111110742
cardinal_fbc_compactdyn,tcformer,7,cho2017,52,0.019006410256410252
cardinal_fbc_compactdyn,tcformer,7,physionet_mi,54,-0.003344347547246104
cardinal_fbc_compactdyn,tcformer,7,EQUAL_DATASET_OVERALL,132,0.003279017480104449
cardinal_fbc_compactdyn,tcformer,17,local_exp4,8,-0.05208333333333334
cardinal_fbc_compactdyn,tcformer,17,bnci2014_001,9,0.01350308641975307
cardinal_fbc_compactdyn,tcformer,17,bnci2014_004,9,-0.01860119047619048
cardinal_fbc_compactdyn,tcformer,17,cho2017,52,0.016955128205128192
cardinal_fbc_compactdyn,tcformer,17,physionet_mi,54,-0.02796643104614119
cardinal_fbc_compactdyn,tcformer,17,EQUAL_DATASET_OVERALL,132,-0.01363854804615675
cardinal_fbc_compactdyn,tcformer,27,local_exp4,8,-0.02916666666666666
cardinal_fbc_compactdyn,tcformer,27,bnci2014_001,9,0.02391975308641978
cardinal_fbc_compactdyn,tcformer,27,bnci2014_004,9,-0.008283730158730154
cardinal_fbc_compactdyn,tcformer,27,cho2017,52,0.014407051282051272
cardinal_fbc_compactdyn,tcformer,27,physionet_mi,54,-0.018220289506521384
cardinal_fbc_compactdyn,tcformer,27,EQUAL_DATASET_OVERALL,132,-0.0034687763926894294
cardinal_fbc_compactdyn,tcformer,37,local_exp4,8,0.0020833333333333537
cardinal_fbc_compactdyn,tcformer,37,bnci2014_001,9,0.02044753086419752
cardinal_fbc_compactdyn,tcformer,37,bnci2014_004,9,0.012599206349206329
cardinal_fbc_compactdyn,tcformer,37,cho2017,52,0.00947115384615384
cardinal_fbc_compactdyn,tcformer,37,physionet_mi,54,-0.01987852123721689
cardinal_fbc_compactdyn,tcformer,37,EQUAL_DATASET_OVERALL,132,0.00494454063113483
cardinal_fbc_compactdyn,tcformer,47,local_exp4,8,0.010416666666666699
cardinal_fbc_compactdyn,tcformer,47,bnci2014_001,9,0.017361111111111147
cardinal_fbc_compactdyn,tcformer,47,bnci2014_004,9,0.0253968253968254
cardinal_fbc_compactdyn,tcformer,47,cho2017,52,0.02272435897435898
cardinal_fbc_compactdyn,tcformer,47,physionet_mi,54,0.0054955612020829445
cardinal_fbc_compactdyn,tcformer,47,EQUAL_DATASET_OVERALL,132,0.016278904670209034
cardinal_fbc_compactdyn_extended,tcformer,7,local_exp4,8,-0.022916666666666682
cardinal_fbc_compactdyn_extended,tcformer,7,bnci2014_001,9,0.06712962962962965
cardinal_fbc_compactdyn_extended,tcformer,7,bnci2014_004,9,-0.003472222222222185
cardinal_fbc_compactdyn_extended,tcformer,7,cho2017,52,0.01862179487179487
cardinal_fbc_compactdyn_extended,tcformer,7,physionet_mi,54,-0.00049232839087912
cardinal_fbc_compactdyn_extended,tcformer,7,EQUAL_DATASET_OVERALL,132,0.011774041444331307
cardinal_fbc_compactdyn_extended,tcformer,17,local_exp4,8,-0.03749999999999999
cardinal_fbc_compactdyn_extended,tcformer,17,bnci2014_001,9,0.02469135802469135
cardinal_fbc_compactdyn_extended,tcformer,17,bnci2014_004,9,-0.002678571428571456
cardinal_fbc_compactdyn_extended,tcformer,17,cho2017,52,0.02011217948717947
cardinal_fbc_compactdyn_extended,tcformer,17,physionet_mi,54,-0.021481202640622934
cardinal_fbc_compactdyn_extended,tcformer,17,EQUAL_DATASET_OVERALL,132,-0.0033712473114647116
cardinal_fbc_compactdyn_extended,tcformer,27,local_exp4,8,-0.018750000000000003
cardinal_fbc_compactdyn_extended,tcformer,27,bnci2014_001,9,0.03125
cardinal_fbc_compactdyn_extended,tcformer,27,bnci2014_004,9,-0.006894841269841283
cardinal_fbc_compactdyn_extended,tcformer,27,cho2017,52,0.01153846153846154
cardinal_fbc_compactdyn_extended,tcformer,27,physionet_mi,54,-0.01868756578901506
cardinal_fbc_compactdyn_extended,tcformer,27,EQUAL_DATASET_OVERALL,132,-0.000308789104078961
cardinal_fbc_compactdyn_extended,tcformer,37,local_exp4,8,0.014583333333333323
cardinal_fbc_compactdyn_extended,tcformer,37,bnci2014_001,9,0.02507716049382717
cardinal_fbc_compactdyn_extended,tcformer,37,bnci2014_004,9,-0.013988095238095263
cardinal_fbc_compactdyn_extended,tcformer,37,cho2017,52,0.014182692307692292
cardinal_fbc_compactdyn_extended,tcformer,37,physionet_mi,54,-0.023731535506897824
cardinal_fbc_compactdyn_extended,tcformer,37,EQUAL_DATASET_OVERALL,132,0.0032247110779719404
cardinal_fbc_compactdyn_extended,tcformer,47,local_exp4,8,0.014583333333333365
cardinal_fbc_compactdyn_extended,tcformer,47,bnci2014_001,9,0.01929012345679013
cardinal_fbc_compactdyn_extended,tcformer,47,bnci2014_004,9,0.007638888888888905
cardinal_fbc_compactdyn_extended,tcformer,47,cho2017,52,0.019695512820512816
cardinal_fbc_compactdyn_extended,tcformer,47,physionet_mi,54,-0.007613008971704623
cardinal_fbc_compactdyn_extended,tcformer,47,EQUAL_DATASET_OVERALL,132,0.010718969905564117
cardinal_fbc_compactdyn_scale010,tcformer,7,local_exp4,8,-0.04166666666666667
cardinal_fbc_compactdyn_scale010,tcformer,7,bnci2014_001,9,0.06983024691358021
cardinal_fbc_compactdyn_scale010,tcformer,7,bnci2014_004,9,-0.010466269841269811
cardinal_fbc_compactdyn_scale010,tcformer,7,cho2017,52,0.0029647435897435953
cardinal_fbc_compactdyn_scale010,tcformer,7,physionet_mi,54,-0.006494377871189467
cardinal_fbc_compactdyn_scale010,tcformer,7,EQUAL_DATASET_OVERALL,132,0.0028335352248395713
cardinal_fbc_compactdyn_scale010,tcformer,17,local_exp4,8,-0.027083333333333334
cardinal_fbc_compactdyn_scale010,tcformer,17,bnci2014_001,9,0.013888888888888859
cardinal_fbc_compactdyn_scale010,tcformer,17,bnci2014_004,9,-0.020684523809523847
cardinal_fbc_compactdyn_scale010,tcformer,17,cho2017,52,0.0013942307692307566
cardinal_fbc_compactdyn_scale010,tcformer,17,physionet_mi,54,-0.01950557158890492
cardinal_fbc_compactdyn_scale010,tcformer,17,EQUAL_DATASET_OVERALL,132,-0.010398061814728497
cardinal_fbc_compactdyn_scale010,tcformer,27,local_exp4,8,-0.024999999999999994
cardinal_fbc_compactdyn_scale010,tcformer,27,bnci2014_001,9,0.02700617283950615
cardinal_fbc_compactdyn_scale010,tcformer,27,bnci2014_004,9,-0.02073412698412698
cardinal_fbc_compactdyn_scale010,tcformer,27,cho2017,52,0.006169871794871791
cardinal_fbc_compactdyn_scale010,tcformer,27,physionet_mi,54,-0.023922149375047917
cardinal_fbc_compactdyn_scale010,tcformer,27,EQUAL_DATASET_OVERALL,132,-0.00729604634495939
cardinal_fbc_compactdyn_scale010,tcformer,37,local_exp4,8,-1.3877787807814457e-17
cardinal_fbc_compactdyn_scale010,tcformer,37,bnci2014_001,9,0.012345679012345685
cardinal_fbc_compactdyn_scale010,tcformer,37,bnci2014_004,9,-0.009871031746031779
cardinal_fbc_compactdyn_scale010,tcformer,37,cho2017,52,0.0028044871794871747
cardinal_fbc_compactdyn_scale010,tcformer,37,physionet_mi,54,-0.014853286139518019
cardinal_fbc_compactdyn_scale010,tcformer,37,EQUAL_DATASET_OVERALL,132,-0.0019148303387433903
cardinal_fbc_compactdyn_scale010,tcformer,47,local_exp4,8,0.0041666666666666935
cardinal_fbc_compactdyn_scale010,tcformer,47,bnci2014_001,9,0.013117283950617287
cardinal_fbc_compactdyn_scale010,tcformer,47,bnci2014_004,9,-0.0021329365079365004
cardinal_fbc_compactdyn_scale010,tcformer,47,cho2017,52,0.010993589743589752
cardinal_fbc_compactdyn_scale010,tcformer,47,physionet_mi,54,0.0073437532676663125
cardinal_fbc_compactdyn_scale010,tcformer,47,EQUAL_DATASET_OVERALL,132,0.006697671424120709
cardinal_fbc_compactdyn_scale010_extended,tcformer,7,local_exp4,8,-0.016666666666666663
cardinal_fbc_compactdyn_scale010_extended,tcformer,7,bnci2014_001,9,0.06481481481481483
cardinal_fbc_compactdyn_scale010_extended,tcformer,7,bnci2014_004,9,0.005505952380952405
cardinal_fbc_compactdyn_scale010_extended,tcformer,7,cho2017,52,0.0024198717948717943
cardinal_fbc_compactdyn_scale010_extended,tcformer,7,physionet_mi,54,-0.008157184334720567
cardinal_fbc_compactdyn_scale010_extended,tcformer,7,EQUAL_DATASET_OVERALL,132,0.009583357597850358
cardinal_fbc_compactdyn_scale010_extended,tcformer,17,local_exp4,8,-0.027083333333333348
cardinal_fbc_compactdyn_scale010_extended,tcformer,17,bnci2014_001,9,0.014660493827160472
cardinal_fbc_compactdyn_scale010_extended,tcformer,17,bnci2014_004,9,-0.019841269841269844
cardinal_fbc_compactdyn_scale010_extended,tcformer,17,cho2017,52,0.0029967948717948703
cardinal_fbc_compactdyn_scale010_extended,tcformer,17,physionet_mi,54,-0.015220353988469937
cardinal_fbc_compactdyn_scale010_extended,tcformer,17,EQUAL_DATASET_OVERALL,132,-0.008897533692823558
cardinal_fbc_compactdyn_scale010_extended,tcformer,27,local_exp4,8,-0.012499999999999983
cardinal_fbc_compactdyn_scale010_extended,tcformer,27,bnci2014_001,9,0.019290123456790115
cardinal_fbc_compactdyn_scale010_extended,tcformer,27,bnci2014_004,9,-0.022172619047619056
cardinal_fbc_compactdyn_scale010_extended,tcformer,27,cho2017,52,0.007147435897435884
cardinal_fbc_compactdyn_scale010_extended,tcformer,27,physionet_mi,54,-0.022878892444109834
cardinal_fbc_compactdyn_scale010_extended,tcformer,27,EQUAL_DATASET_OVERALL,132,-0.006222790427500575
cardinal_fbc_compactdyn_scale010_extended,tcformer,37,local_exp4,8,0.024999999999999994
cardinal_fbc_compactdyn_scale010_extended,tcformer,37,bnci2014_001,9,0.007330246913580246
cardinal_fbc_compactdyn_scale010_extended,tcformer,37,bnci2014_004,9,-0.004067460317460365
cardinal_fbc_compactdyn_scale010_extended,tcformer,37,cho2017,52,0.0025641025641025637
cardinal_fbc_compactdyn_scale010_extended,tcformer,37,physionet_mi,54,-0.00829856536378275
cardinal_fbc_compactdyn_scale010_extended,tcformer,37,EQUAL_DATASET_OVERALL,132,0.004505664759287938
cardinal_fbc_compactdyn_scale010_extended,tcformer,47,local_exp4,8,0.020833333333333343
cardinal_fbc_compactdyn_scale010_extended,tcformer,47,bnci2014_001,9,0.015046296296296292
cardinal_fbc_compactdyn_scale010_extended,tcformer,47,bnci2014_004,9,0.007490079365079351
cardinal_fbc_compactdyn_scale010_extended,tcformer,47,cho2017,52,0.011282051282051288
cardinal_fbc_compactdyn_scale010_extended,tcformer,47,physionet_mi,54,0.005965887306467011
cardinal_fbc_compactdyn_scale010_extended,tcformer,47,EQUAL_DATASET_OVERALL,132,0.012123529516645457
cardinal_fbc_compactdyn_scale025,tcformer,7,local_exp4,8,-0.03541666666666668
cardinal_fbc_compactdyn_scale025,tcformer,7,bnci2014_001,9,0.06790123456790126
cardinal_fbc_compactdyn_scale025,tcformer,7,bnci2014_004,9,-0.02911706349206347
cardinal_fbc_compactdyn_scale025,tcformer,7,cho2017,52,0.017019230769230762
cardinal_fbc_compactdyn_scale025,tcformer,7,physionet_mi,54,-0.012999430118995344
cardinal_fbc_compactdyn_scale025,tcformer,7,EQUAL_DATASET_OVERALL,132,0.0014774610118813056
cardinal_fbc_compactdyn_scale025,tcformer,17,local_exp4,8,-0.022916666666666682
cardinal_fbc_compactdyn_scale025,tcformer,17,bnci2014_001,9,0.020833333333333315
cardinal_fbc_compactdyn_scale025,tcformer,17,bnci2014_004,9,-0.01870039682539683
cardinal_fbc_compactdyn_scale025,tcformer,17,cho2017,52,0.009535256410256408
cardinal_fbc_compactdyn_scale025,tcformer,17,physionet_mi,54,-0.026558502554879352
cardinal_fbc_compactdyn_scale025,tcformer,17,EQUAL_DATASET_OVERALL,132,-0.007561395260670628
cardinal_fbc_compactdyn_scale025,tcformer,27,local_exp4,8,-0.027083333333333334
cardinal_fbc_compactdyn_scale025,tcformer,27,bnci2014_001,9,0.027006172839506164
cardinal_fbc_compactdyn_scale025,tcformer,27,bnci2014_004,9,-0.011507936507936498
cardinal_fbc_compactdyn_scale025,tcformer,27,cho2017,52,0.013814102564102558
cardinal_fbc_compactdyn_scale025,tcformer,27,physionet_mi,54,-0.03060496267018005
cardinal_fbc_compactdyn_scale025,tcformer,27,EQUAL_DATASET_OVERALL,132,-0.005675191421568232
cardinal_fbc_compactdyn_scale025,tcformer,37,local_exp4,8,0.008333333333333318
cardinal_fbc_compactdyn_scale025,tcformer,37,bnci2014_001,9,0.020833333333333332
cardinal_fbc_compactdyn_scale025,tcformer,37,bnci2014_004,9,0.006299603174603134
cardinal_fbc_compactdyn_scale025,tcformer,37,cho2017,52,0.013509615384615379
cardinal_fbc_compactdyn_scale025,tcformer,37,physionet_mi,54,-0.011827644979818893
cardinal_fbc_compactdyn_scale025,tcformer,37,EQUAL_DATASET_OVERALL,132,0.007429648049213254
cardinal_fbc_compactdyn_scale025,tcformer,47,local_exp4,8,-0.002083333333333312
cardinal_fbc_compactdyn_scale025,tcformer,47,bnci2014_001,9,0.018518518518518504
cardinal_fbc_compactdyn_scale025,tcformer,47,bnci2014_004,9,0.008134920634920625
cardinal_fbc_compactdyn_scale025,tcformer,47,cho2017,52,0.02241987179487179
cardinal_fbc_compactdyn_scale025,tcformer,47,physionet_mi,54,0.0006877348362855506
cardinal_fbc_compactdyn_scale025,tcformer,47,EQUAL_DATASET_OVERALL,132,0.009535542490252633
cardinal_fbc_compactdyn_scale025_extended,tcformer,7,local_exp4,8,-0.012499999999999997
cardinal_fbc_compactdyn_scale025_extended,tcformer,7,bnci2014_001,9,0.06944444444444443
cardinal_fbc_compactdyn_scale025_extended,tcformer,7,bnci2014_004,9,-0.007589285714285693
cardinal_fbc_compactdyn_scale025_extended,tcformer,7,cho2017,52,0.014535256410256398
cardinal_fbc_compactdyn_scale025_extended,tcformer,7,physionet_mi,54,-0.017857578545984343
cardinal_fbc_compactdyn_scale025_extended,tcformer,7,EQUAL_DATASET_OVERALL,132,0.009206567318886161
cardinal_fbc_compactdyn_scale025_extended,tcformer,17,local_exp4,8,-0.02083333333333333
cardinal_fbc_compactdyn_scale025_extended,tcformer,17,bnci2014_001,9,0.023919753086419786
cardinal_fbc_compactdyn_scale025_extended,tcformer,17,bnci2014_004,9,-0.017956349206349215
cardinal_fbc_compactdyn_scale025_extended,tcformer,17,cho2017,52,0.013429487179487169
cardinal_fbc_compactdyn_scale025_extended,tcformer,17,physionet_mi,54,-0.018580822022851013
cardinal_fbc_compactdyn_scale025_extended,tcformer,17,EQUAL_DATASET_OVERALL,132,-0.004004252859325321
cardinal_fbc_compactdyn_scale025_extended,tcformer,27,local_exp4,8,-0.004166666666666652
cardinal_fbc_compactdyn_scale025_extended,tcformer,27,bnci2014_001,9,0.029320987654320983
cardinal_fbc_compactdyn_scale025_extended,tcformer,27,bnci2014_004,9,-0.008680555555555537
cardinal_fbc_compactdyn_scale025_extended,tcformer,27,cho2017,52,0.02197115384615385
cardinal_fbc_compactdyn_scale025_extended,tcformer,27,physionet_mi,54,-0.027949657025743976
cardinal_fbc_compactdyn_scale025_extended,tcformer,27,EQUAL_DATASET_OVERALL,132,0.0020990524505017337
cardinal_fbc_compactdyn_scale025_extended,tcformer,37,local_exp4,8,0.01874999999999999
cardinal_fbc_compactdyn_scale025_extended,tcformer,37,bnci2014_001,9,0.0177469135802469
cardinal_fbc_compactdyn_scale025_extended,tcformer,37,bnci2014_004,9,0.012152777777777766
cardinal_fbc_compactdyn_scale025_extended,tcformer,37,cho2017,52,0.015689102564102556
cardinal_fbc_compactdyn_scale025_extended,tcformer,37,physionet_mi,54,-0.006397437103958847
cardinal_fbc_compactdyn_scale025_extended,tcformer,37,EQUAL_DATASET_OVERALL,132,0.01158827136363367
cardinal_fbc_compactdyn_scale025_extended,tcformer,47,local_exp4,8,0.020833333333333356
cardinal_fbc_compactdyn_scale025_extended,tcformer,47,bnci2014_001,9,0.013503086419753087
cardinal_fbc_compactdyn_scale025_extended,tcformer,47,bnci2014_004,9,0.01825396825396826
cardinal_fbc_compactdyn_scale025_extended,tcformer,47,cho2017,52,0.023365384615384614
cardinal_fbc_compactdyn_scale025_extended,tcformer,47,physionet_mi,54,-0.0019815128510780704
cardinal_fbc_compactdyn_scale025_extended,tcformer,47,EQUAL_DATASET_OVERALL,132,0.014794851954272251
cardinal_fbc_micro,tcformer,7,local_exp4,8,-0.04791666666666669
cardinal_fbc_micro,tcformer,7,bnci2014_001,9,0.06327160493827164
cardinal_fbc_micro,tcformer,7,bnci2014_004,9,-0.00510912698412696
cardinal_fbc_micro,tcformer,7,cho2017,52,0.006634615384615387
cardinal_fbc_micro,tcformer,7,physionet_mi,54,-0.004980576991446554
cardinal_fbc_micro,tcformer,7,EQUAL_DATASET_OVERALL,132,0.002379969936129364
cardinal_fbc_micro,tcformer,17,local_exp4,8,-0.03749999999999998
cardinal_fbc_micro,tcformer,17,bnci2014_001,9,0.020447530864197514
cardinal_fbc_micro,tcformer,17,bnci2014_004,9,-0.007638888888888886
cardinal_fbc_micro,tcformer,17,cho2017,52,0.0020192307692307623
cardinal_fbc_micro,tcformer,17,physionet_mi,54,-0.012822104760510558
cardinal_fbc_micro,tcformer,17,EQUAL_DATASET_OVERALL,132,-0.007098846403194229
cardinal_fbc_micro,tcformer,27,local_exp4,8,-0.027083333333333348
cardinal_fbc_micro,tcformer,27,bnci2014_001,9,0.02430555555555553
cardinal_fbc_micro,tcformer,27,bnci2014_004,9,0.006001984126984143
cardinal_fbc_micro,tcformer,27,cho2017,52,0.0034775641025641007
cardinal_fbc_micro,tcformer,27,physionet_mi,54,-0.02735036702428007
cardinal_fbc_micro,tcformer,27,EQUAL_DATASET_OVERALL,132,-0.004129719314501928
cardinal_fbc_micro,tcformer,37,local_exp4,8,0.00416666666666668
cardinal_fbc_micro,tcformer,37,bnci2014_001,9,0.01929012345679014
cardinal_fbc_micro,tcformer,37,bnci2014_004,9,-0.019047619047619067
cardinal_fbc_micro,tcformer,37,cho2017,52,0.002227564102564106
cardinal_fbc_micro,tcformer,37,physionet_mi,54,-0.001786106405671621
cardinal_fbc_micro,tcformer,37,EQUAL_DATASET_OVERALL,132,0.0009701257545460475
cardinal_fbc_micro,tcformer,47,local_exp4,8,0.0020833333333333814
cardinal_fbc_micro,tcformer,47,bnci2014_001,9,0.010030864197530853
cardinal_fbc_micro,tcformer,47,bnci2014_004,9,0.006547619047619018
cardinal_fbc_micro,tcformer,47,cho2017,52,0.01048076923076924
cardinal_fbc_micro,tcformer,47,physionet_mi,54,0.004097435709754555
cardinal_fbc_micro,tcformer,47,EQUAL_DATASET_OVERALL,132,0.006648004303801409
cardinal_fbc_micro_extended,tcformer,7,local_exp4,8,-0.022916666666666682
cardinal_fbc_micro_extended,tcformer,7,bnci2014_001,9,0.06635802469135804
cardinal_fbc_micro_extended,tcformer,7,bnci2014_004,9,-0.03273809523809523
cardinal_fbc_micro_extended,tcformer,7,cho2017,52,0.006490384615384617
cardinal_fbc_micro_extended,tcformer,7,physionet_mi,54,-0.010733630298847689
cardinal_fbc_micro_extended,tcformer,7,EQUAL_DATASET_OVERALL,132,0.001292003420626611
cardinal_fbc_micro_extended,tcformer,17,local_exp4,8,-0.02499999999999998
cardinal_fbc_micro_extended,tcformer,17,bnci2014_001,9,0.013117283950617255
cardinal_fbc_micro_extended,tcformer,17,bnci2014_004,9,-0.019543650793650797
cardinal_fbc_micro_extended,tcformer,17,cho2017,52,0.005897435897435882
cardinal_fbc_micro_extended,tcformer,17,physionet_mi,54,-0.022460849000704077
cardinal_fbc_micro_extended,tcformer,17,EQUAL_DATASET_OVERALL,132,-0.009597955989260342
cardinal_fbc_micro_extended,tcformer,27,local_exp4,8,-0.014583333333333323
cardinal_fbc_micro_extended,tcformer,27,bnci2014_001,9,0.026234567901234573
cardinal_fbc_micro_extended,tcformer,27,bnci2014_004,9,-0.011904761904761894
cardinal_fbc_micro_extended,tcformer,27,cho2017,52,0.010496794871794878
cardinal_fbc_micro_extended,tcformer,27,physionet_mi,54,-0.032961821458198266
cardinal_fbc_micro_extended,tcformer,27,EQUAL_DATASET_OVERALL,132,-0.004543710784652806
cardinal_fbc_micro_extended,tcformer,37,local_exp4,8,0.020833333333333343
cardinal_fbc_micro_extended,tcformer,37,bnci2014_001,9,0.02006172839506172
cardinal_fbc_micro_extended,tcformer,37,bnci2014_004,9,-0.02519841269841272
cardinal_fbc_micro_extended,tcformer,37,cho2017,52,0.002243589743589729
cardinal_fbc_micro_extended,tcformer,37,physionet_mi,54,-0.004688229778809489
cardinal_fbc_micro_extended,tcformer,37,EQUAL_DATASET_OVERALL,132,0.0026504017989525167
cardinal_fbc_micro_extended,tcformer,47,local_exp4,8,0.018750000000000017
cardinal_fbc_micro_extended,tcformer,47,bnci2014_001,9,0.009259259259259276
cardinal_fbc_micro_extended,tcformer,47,bnci2014_004,9,0.0003968253968254139
cardinal_fbc_micro_extended,tcformer,47,cho2017,52,0.013333333333333343
cardinal_fbc_micro_extended,tcformer,47,physionet_mi,54,-0.00020477375549839808
cardinal_fbc_micro_extended,tcformer,47,EQUAL_DATASET_OVERALL,132,0.00830692884678393
cardinal_fbc_physical,tcformer,7,local_exp4,8,-0.03750000000000002
cardinal_fbc_physical,tcformer,7,bnci2014_001,9,0.062499999999999986
cardinal_fbc_physical,tcformer,7,bnci2014_004,9,-0.01666666666666667
cardinal_fbc_physical,tcformer,7,cho2017,52,0.008878205128205127
cardinal_fbc_physical,tcformer,7,physionet_mi,54,-0.014677267847557697
cardinal_fbc_physical,tcformer,7,EQUAL_DATASET_OVERALL,132,0.0005068541227961455
cardinal_fbc_physical,tcformer,17,local_exp4,8,-0.03749999999999998
cardinal_fbc_physical,tcformer,17,bnci2014_001,9,0.020447530864197525
cardinal_fbc_physical,tcformer,17,bnci2014_004,9,-0.009275793650793673
cardinal_fbc_physical,tcformer,17,cho2017,52,-0.005961538461538467
cardinal_fbc_physical,tcformer,17,physionet_mi,54,-0.023656379181741505
cardinal_fbc_physical,tcformer,17,EQUAL_DATASET_OVERALL,132,-0.011189236085975222
cardinal_fbc_physical,tcformer,27,local_exp4,8,-0.02083333333333337
cardinal_fbc_physical,tcformer,27,bnci2014_001,9,0.023533950617283955
cardinal_fbc_physical,tcformer,27,bnci2014_004,9,-0.0041170634920634774
cardinal_fbc_physical,tcformer,27,cho2017,52,0.007916666666666676
cardinal_fbc_physical,tcformer,27,physionet_mi,54,-0.026332815734989638
cardinal_fbc_physical,tcformer,27,EQUAL_DATASET_OVERALL,132,-0.003966519055287171
cardinal_fbc_physical,tcformer,37,local_exp4,8,-0.006249999999999992
cardinal_fbc_physical,tcformer,37,bnci2014_001,9,0.014660493827160491
cardinal_fbc_physical,tcformer,37,bnci2014_004,9,-0.004712301587301589
cardinal_fbc_physical,tcformer,37,cho2017,52,0.006121794871794868
cardinal_fbc_physical,tcformer,37,physionet_mi,54,-0.006181117594161067
cardinal_fbc_physical,tcformer,37,EQUAL_DATASET_OVERALL,132,0.0007277739034985423
cardinal_fbc_physical,tcformer,47,local_exp4,8,0.01666666666666669
cardinal_fbc_physical,tcformer,47,bnci2014_001,9,0.01620370370370372
cardinal_fbc_physical,tcformer,47,bnci2014_004,9,0.011408730158730162
cardinal_fbc_physical,tcformer,47,cho2017,52,0.011362179487179483
cardinal_fbc_physical,tcformer,47,physionet_mi,54,-0.0033863915204495015
cardinal_fbc_physical,tcformer,47,EQUAL_DATASET_OVERALL,132,0.01045097769916611
cardinal_fbc_physical_extended,tcformer,7,local_exp4,8,-0.027083333333333348
cardinal_fbc_physical_extended,tcformer,7,bnci2014_001,9,0.06327160493827161
cardinal_fbc_physical_extended,tcformer,7,bnci2014_004,9,-0.002728174603174575
cardinal_fbc_physical_extended,tcformer,7,cho2017,52,0.00514423076923077
cardinal_fbc_physical_extended,tcformer,7,physionet_mi,54,-0.006975814041031433
cardinal_fbc_physical_extended,tcformer,7,EQUAL_DATASET_OVERALL,132,0.006325702745992605
cardinal_fbc_physical_extended,tcformer,17,local_exp4,8,-0.014583333333333323
cardinal_fbc_physical_extended,tcformer,17,bnci2014_001,9,0.02121913580246913
cardinal_fbc_physical_extended,tcformer,17,bnci2014_004,9,-0.024503968253968264
cardinal_fbc_physical_extended,tcformer,17,cho2017,52,0.0019711538461538425
cardinal_fbc_physical_extended,tcformer,17,physionet_mi,54,-0.02186264822134388
cardinal_fbc_physical_extended,tcformer,17,EQUAL_DATASET_OVERALL,132,-0.007551932032004499
cardinal_fbc_physical_extended,tcformer,27,local_exp4,8,-0.010416666666666671
cardinal_fbc_physical_extended,tcformer,27,bnci2014_001,9,0.021219135802469116
cardinal_fbc_physical_extended,tcformer,27,bnci2014_004,9,-0.011111111111111115
cardinal_fbc_physical_extended,tcformer,27,cho2017,52,0.011282051282051293
cardinal_fbc_physical_extended,tcformer,27,physionet_mi,54,-0.023077348711406678
cardinal_fbc_physical_extended,tcformer,27,EQUAL_DATASET_OVERALL,132,-0.002420787880932811
cardinal_fbc_physical_extended,tcformer,37,local_exp4,8,0.014583333333333323
cardinal_fbc_physical_extended,tcformer,37,bnci2014_001,9,0.005787037037037041
cardinal_fbc_physical_extended,tcformer,37,bnci2014_004,9,0.005357142857142826
cardinal_fbc_physical_extended,tcformer,37,cho2017,52,0.003092948717948721
cardinal_fbc_physical_extended,tcformer,37,physionet_mi,54,-0.01031014074492335
cardinal_fbc_physical_extended,tcformer,37,EQUAL_DATASET_OVERALL,132,0.003702064240107712
cardinal_fbc_physical_extended,tcformer,47,local_exp4,8,0.016666666666666677
cardinal_fbc_physical_extended,tcformer,47,bnci2014_001,9,0.008487654320987649
cardinal_fbc_physical_extended,tcformer,47,bnci2014_004,9,0.013839285714285714
cardinal_fbc_physical_extended,tcformer,47,cho2017,52,0.010576923076923083
cardinal_fbc_physical_extended,tcformer,47,physionet_mi,54,0.00481414385399892
cardinal_fbc_physical_extended,tcformer,47,EQUAL_DATASET_OVERALL,132,0.010876934726572408
eegtcnet,tcformer,7,local_exp4,8,-0.20208333333333328
eegtcnet,tcformer,7,bnci2014_001,9,-0.18904320987654322
eegtcnet,tcformer,7,bnci2014_004,9,-0.16076388888888887
eegtcnet,tcformer,7,cho2017,52,-0.1082532051282051
eegtcnet,tcformer,7,physionet_mi,54,-0.025389549393172586
eegtcnet,tcformer,7,EQUAL_DATASET_OVERALL,132,-0.13710663732402864
eegtcnet,tcformer,17,local_exp4,8,-0.29375
eegtcnet,tcformer,17,bnci2014_001,9,-0.2789351851851852
eegtcnet,tcformer,17,bnci2014_004,9,-0.008928571428571471
eegtcnet,tcformer,17,cho2017,52,-0.12057692307692308
eegtcnet,tcformer,17,physionet_mi,54,-0.04453437062132715
eegtcnet,tcformer,17,EQUAL_DATASET_OVERALL,132,-0.1493450100624014
eegtcnet,tcformer,27,local_exp4,8,-0.09166666666666667
eegtcnet,tcformer,27,bnci2014_001,9,-0.2878086419753087
eegtcnet,tcformer,27,bnci2014_004,9,-0.005902777777777781
eegtcnet,tcformer,27,cho2017,52,-0.18509615384615388
eegtcnet,tcformer,27,physionet_mi,54,-0.06260347609985291
eegtcnet,tcformer,27,EQUAL_DATASET_OVERALL,132,-0.126615543273152
eegtcnet,tcformer,37,local_exp4,8,-0.35625
eegtcnet,tcformer,37,bnci2014_001,9,-0.19598765432098764
eegtcnet,tcformer,37,bnci2014_004,9,-0.0527777777777778
eegtcnet,tcformer,37,cho2017,52,-0.12576923076923074
eegtcnet,tcformer,37,physionet_mi,54,-0.02012359621055273
eegtcnet,tcformer,37,EQUAL_DATASET_OVERALL,132,-0.1501816518157098
eegtcnet,tcformer,47,local_exp4,8,-0.07499999999999997
eegtcnet,tcformer,47,bnci2014_001,9,-0.28086419753086417
eegtcnet,tcformer,47,bnci2014_004,9,-0.01498015873015872
eegtcnet,tcformer,47,cho2017,52,-0.09661858974358974
eegtcnet,tcformer,47,physionet_mi,54,-0.014092573422283572
eegtcnet,tcformer,47,EQUAL_DATASET_OVERALL,132,-0.09631110388537924
fbmsnet,tcformer,7,local_exp4,8,-0.010416666666666685
fbmsnet,tcformer,7,bnci2014_001,9,0.054398148148148126
fbmsnet,tcformer,7,bnci2014_004,9,-0.00421626984126982
fbmsnet,tcformer,7,cho2017,52,-0.0016025641025641075
fbmsnet,tcformer,7,physionet_mi,54,0.011715455103136261
fbmsnet,tcformer,7,EQUAL_DATASET_OVERALL,132,0.009975620528156755
fbmsnet,tcformer,17,local_exp4,8,-0.029166666666666646
fbmsnet,tcformer,17,bnci2014_001,9,0.004629629629629613
fbmsnet,tcformer,17,bnci2014_004,9,-0.02301587301587303
fbmsnet,tcformer,17,cho2017,52,-0.003926282051282062
fbmsnet,tcformer,17,physionet_mi,54,-0.022412487539299128
fbmsnet,tcformer,17,EQUAL_DATASET_OVERALL,132,-0.014778335928698252
fbmsnet,tcformer,27,local_exp4,8,-0.008333333333333345
fbmsnet,tcformer,27,bnci2014_001,9,0.013888888888888914
fbmsnet,tcformer,27,bnci2014_004,9,-0.004315476190476187
fbmsnet,tcformer,27,cho2017,52,-0.005432692307692321
fbmsnet,tcformer,27,physionet_mi,54,-0.014533054841025848
fbmsnet,tcformer,27,EQUAL_DATASET_OVERALL,132,-0.0037451335567277575
fbmsnet,tcformer,37,local_exp4,8,0.02291666666666667
fbmsnet,tcformer,37,bnci2014_001,9,0.00771604938271604
fbmsnet,tcformer,37,bnci2014_004,9,0.014236111111111104
fbmsnet,tcformer,37,cho2017,52,-0.0020512820512820604
fbmsnet,tcformer,37,physionet_mi,54,-0.0021542634767272397
fbmsnet,tcformer,37,EQUAL_DATASET_OVERALL,132,0.008132656326496903
fbmsnet,tcformer,47,local_exp4,8,0.012500000000000025
fbmsnet,tcformer,47,bnci2014_001,9,0.01118827160493827
fbmsnet,tcformer,47,bnci2014_004,9,-0.0086805555555556
fbmsnet,tcformer,47,cho2017,52,-0.013733974358974353
fbmsnet,tcformer,47,physionet_mi,54,0.0010530599298715184
fbmsnet,tcformer,47,EQUAL_DATASET_OVERALL,132,0.00046536032405597206
cardinal_fbms,tcformer,7,local_exp4,8,-0.018750000000000044
cardinal_fbms,tcformer,7,bnci2014_001,9,0.05516975308641973
cardinal_fbms,tcformer,7,bnci2014_004,9,-0.007638888888888862
cardinal_fbms,tcformer,7,cho2017,52,-0.001538461538461542
cardinal_fbms,tcformer,7,physionet_mi,54,0.011294579682260839
cardinal_fbms,tcformer,7,EQUAL_DATASET_OVERALL,132,0.007707396468266024
cardinal_fbms,tcformer,17,local_exp4,8,-0.03958333333333336
cardinal_fbms,tcformer,17,bnci2014_001,9,0.005401234567901215
cardinal_fbms,tcformer,17,bnci2014_004,9,-0.025843253968254005
cardinal_fbms,tcformer,17,cho2017,52,-0.005144230769230784
cardinal_fbms,tcformer,17,physionet_mi,54,-0.022412487539299128
cardinal_fbms,tcformer,17,EQUAL_DATASET_OVERALL,132,-0.01751641420844321
cardinal_fbms,tcformer,27,local_exp4,8,-0.031250000000000014
cardinal_fbms,tcformer,27,bnci2014_001,9,0.015817901234567906
cardinal_fbms,tcformer,27,bnci2014_004,9,-0.006795634920634921
cardinal_fbms,tcformer,27,cho2017,52,-0.005480769230769241
cardinal_fbms,tcformer,27,physionet_mi,54,-0.015849052986734138
cardinal_fbms,tcformer,27,EQUAL_DATASET_OVERALL,132,-0.008711511180714082
cardinal_fbms,tcformer,37,local_exp4,8,-0.006250000000000019
cardinal_fbms,tcformer,37,bnci2014_001,9,0.012731481481481474
cardinal_fbms,tcformer,37,bnci2014_004,9,0.014980158730158726
cardinal_fbms,tcformer,37,cho2017,52,-0.000833333333333342
cardinal_fbms,tcformer,37,physionet_mi,54,-0.0009062327902907533
cardinal_fbms,tcformer,37,EQUAL_DATASET_OVERALL,132,0.003944414817603217
cardinal_fbms,tcformer,47,local_exp4,8,-0.004166666666666652
cardinal_fbms,tcformer,47,bnci2014_001,9,0.012345679012345671
cardinal_fbms,tcformer,47,bnci2014_004,9,-0.008333333333333384
cardinal_fbms,tcformer,47,cho2017,52,-0.013221153846153839
cardinal_fbms,tcformer,47,physionet_mi,54,0.0010914005479222802
cardinal_fbms,tcformer,47,EQUAL_DATASET_OVERALL,132,-0.0024568148571771846
cardinal_fbms_extended,tcformer,7,local_exp4,8,-0.010416666666666685
cardinal_fbms_extended,tcformer,7,bnci2014_001,9,0.05478395061728393
cardinal_fbms_extended,tcformer,7,bnci2014_004,9,-0.003124999999999983
cardinal_fbms_extended,tcformer,7,cho2017,52,-0.002403846153846154
cardinal_fbms_extended,tcformer,7,physionet_mi,54,0.011316146279914393
cardinal_fbms_extended,tcformer,7,EQUAL_DATASET_OVERALL,132,0.0100309168153371
cardinal_fbms_extended,tcformer,17,local_exp4,8,-0.031249999999999986
cardinal_fbms_extended,tcformer,17,bnci2014_001,9,0.0050154320987654145
cardinal_fbms_extended,tcformer,17,bnci2014_004,9,-0.02619047619047621
cardinal_fbms_extended,tcformer,17,cho2017,52,-0.004391025641025651
cardinal_fbms_extended,tcformer,17,physionet_mi,54,-0.022776723410781383
cardinal_fbms_extended,tcformer,17,EQUAL_DATASET_OVERALL,132,-0.015918558628703564
cardinal_fbms_extended,tcformer,27,local_exp4,8,-0.008333333333333345
cardinal_fbms_extended,tcformer,27,bnci2014_001,9,0.015817901234567895
cardinal_fbms_extended,tcformer,27,bnci2014_004,9,-0.005803571428571432
cardinal_fbms_extended,tcformer,27,cho2017,52,-0.006538461538461552
cardinal_fbms_extended,tcformer,27,physionet_mi,54,-0.015025601076325707
cardinal_fbms_extended,tcformer,27,EQUAL_DATASET_OVERALL,132,-0.003976613228424829
cardinal_fbms_extended,tcformer,37,local_exp4,8,0.01874999999999999
cardinal_fbms_extended,tcformer,37,bnci2014_001,9,0.01195987654320987
cardinal_fbms_extended,tcformer,37,bnci2014_004,9,0.011805555555555526
cardinal_fbms_extended,tcformer,37,cho2017,52,0.00024038461538460813
cardinal_fbms_extended,tcformer,37,physionet_mi,54,-0.0008330370649211142
cardinal_fbms_extended,tcformer,37,EQUAL_DATASET_OVERALL,132,0.008384555929845775
cardinal_fbms_extended,tcformer,47,local_exp4,8,0.014583333333333351
cardinal_fbms_extended,tcformer,47,bnci2014_001,9,0.012731481481481474
cardinal_fbms_extended,tcformer,47,bnci2014_004,9,0.0037202380952380573
cardinal_fbms_extended,tcformer,47,cho2017,52,-0.012916666666666672
cardinal_fbms_extended,tcformer,47,physionet_mi,54,0.0014922342820893485
cardinal_fbms_extended,tcformer,47,EQUAL_DATASET_OVERALL,132,0.003922124105095112
cardinal_mix,tcformer,7,local_exp4,8,-0.09375
cardinal_mix,tcformer,7,bnci2014_001,9,0.026234567901234542
cardinal_mix,tcformer,7,bnci2014_004,9,-0.004315476190476181
cardinal_mix,tcformer,7,cho2017,52,-0.019022435897435897
cardinal_mix,tcformer,7,physionet_mi,54,0.01676334602059239
cardinal_mix,tcformer,7,EQUAL_DATASET_OVERALL,132,-0.014817999633217028
cardinal_mix,tcformer,17,local_exp4,8,-0.12291666666666666
cardinal_mix,tcformer,17,bnci2014_001,9,-0.011574074074074063
cardinal_mix,tcformer,17,bnci2014_004,9,-0.014583333333333344
cardinal_mix,tcformer,17,cho2017,52,-0.024391025641025646
cardinal_mix,tcformer,17,physionet_mi,54,-0.0030539609343957228
cardinal_mix,tcformer,17,EQUAL_DATASET_OVERALL,132,-0.03530381212989909
cardinal_mix,tcformer,27,local_exp4,8,-0.1
cardinal_mix,tcformer,27,bnci2014_001,9,-0.010802469135802469
cardinal_mix,tcformer,27,bnci2014_004,9,0.002876984126984123
cardinal_mix,tcformer,27,cho2017,52,-0.024823717948717954
cardinal_mix,tcformer,27,physionet_mi,54,0.003356764679228446
cardinal_mix,tcformer,27,EQUAL_DATASET_OVERALL,132,-0.025878487655661576
cardinal_mix,tcformer,37,local_exp4,8,-0.07291666666666669
cardinal_mix,tcformer,37,bnci2014_001,9,-0.010030864197530897
cardinal_mix,tcformer,37,bnci2014_004,9,0.004166666666666664
cardinal_mix,tcformer,37,cho2017,52,-0.02342948717948717
cardinal_mix,tcformer,37,physionet_mi,54,0.008724886895176745
cardinal_mix,tcformer,37,EQUAL_DATASET_OVERALL,132,-0.01869709289636827
cardinal_mix,tcformer,47,local_exp4,8,-0.06458333333333333
cardinal_mix,tcformer,47,bnci2014_001,9,-0.01427469135802469
cardinal_mix,tcformer,47,bnci2014_004,9,-0.0043154761904762124
cardinal_mix,tcformer,47,cho2017,52,-0.02190705128205128
cardinal_mix,tcformer,47,physionet_mi,54,0.03672878718168574
cardinal_mix,tcformer,47,EQUAL_DATASET_OVERALL,132,-0.013670352996439955
cardinal_mix_drop,tcformer,7,local_exp4,8,-0.11458333333333331
cardinal_mix_drop,tcformer,7,bnci2014_001,9,0.03973765432098767
cardinal_mix_drop,tcformer,7,bnci2014_004,9,-0.0029761904761904656
cardinal_mix_drop,tcformer,7,cho2017,52,-0.0097275641025641
cardinal_mix_drop,tcformer,7,physionet_mi,54,0.024321022509428292
cardinal_mix_drop,tcformer,7,EQUAL_DATASET_OVERALL,132,-0.012645682216334386
cardinal_mix_drop,tcformer,17,local_exp4,8,-0.11458333333333333
cardinal_mix_drop,tcformer,17,bnci2014_001,9,-0.0154320987654321
cardinal_mix_drop,tcformer,17,bnci2014_004,9,-0.02222222222222223
cardinal_mix_drop,tcformer,17,cho2017,52,-0.01201923076923078
cardinal_mix_drop,tcformer,17,physionet_mi,54,0.009176042690535442
cardinal_mix_drop,tcformer,17,EQUAL_DATASET_OVERALL,132,-0.0310161684799366
cardinal_mix_drop,tcformer,27,local_exp4,8,-0.1
cardinal_mix_drop,tcformer,27,bnci2014_001,9,-0.012345679012345697
cardinal_mix_drop,tcformer,27,bnci2014_004,9,-0.007738095238095242
cardinal_mix_drop,tcformer,27,cho2017,52,-0.016410256410256403
cardinal_mix_drop,tcformer,27,physionet_mi,54,0.004855316449519358
cardinal_mix_drop,tcformer,27,EQUAL_DATASET_OVERALL,132,-0.026327742842235595
cardinal_mix_drop,tcformer,37,local_exp4,8,-0.014583333333333351
cardinal_mix_drop,tcformer,37,bnci2014_001,9,-0.013888888888888883
cardinal_mix_drop,tcformer,37,bnci2014_004,9,-0.0023809523809523846
cardinal_mix_drop,tcformer,37,cho2017,52,-0.01969551282051283
cardinal_mix_drop,tcformer,37,physionet_mi,54,0.01047809879331618
cardinal_mix_drop,tcformer,37,EQUAL_DATASET_OVERALL,132,-0.008014117726074254
cardinal_mix_drop,tcformer,47,local_exp4,8,-0.05833333333333328
cardinal_mix_drop,tcformer,47,bnci2014_001,9,-0.012731481481481479
cardinal_mix_drop,tcformer,47,bnci2014_004,9,0.02028769841269839
cardinal_mix_drop,tcformer,47,cho2017,52,-0.010673076923076917
cardinal_mix_drop,tcformer,47,physionet_mi,54,0.02502444214400736
cardinal_mix_drop,tcformer,47,EQUAL_DATASET_OVERALL,132,-0.007285150236237187
ctnet,tcformer,7,local_exp4,8,-0.07083333333333336
ctnet,tcformer,7,bnci2014_001,9,-0.023533950617283902
ctnet,tcformer,7,bnci2014_004,9,0.02118055555555556
ctnet,tcformer,7,cho2017,52,-0.045657051282051296
ctnet,tcformer,7,physionet_mi,54,-0.02013492412043136
ctnet,tcformer,7,EQUAL_DATASET_OVERALL,132,-0.02779574075950887
ctnet,tcformer,17,local_exp4,8,-0.07916666666666666
ctnet,tcformer,17,bnci2014_001,9,-0.09143518518518523
ctnet,tcformer,17,bnci2014_004,9,-0.019841269841269864
ctnet,tcformer,17,cho2017,52,-0.04889423076923078
ctnet,tcformer,17,physionet_mi,54,-0.03794849809342563
ctnet,tcformer,17,EQUAL_DATASET_OVERALL,132,-0.055457170111155626
ctnet,tcformer,27,local_exp4,8,-0.020833333333333356
ctnet,tcformer,27,bnci2014_001,9,-0.06905864197530866
ctnet,tcformer,27,bnci2014_004,9,0.0076884920634920605
ctnet,tcformer,27,cho2017,52,-0.04014423076923076
ctnet,tcformer,27,physionet_mi,54,-0.03873077740831363
ctnet,tcformer,27,EQUAL_DATASET_OVERALL,132,-0.032215698284538866
ctnet,tcformer,37,local_exp4,8,-0.0062500000000000056
ctnet,tcformer,37,bnci2014_001,9,-0.05401234567901233
ctnet,tcformer,37,bnci2014_004,9,0.011061507936507928
ctnet,tcformer,37,cho2017,52,-0.03855769230769231
ctnet,tcformer,37,physionet_mi,54,-0.020459076618496903
ctnet,tcformer,37,EQUAL_DATASET_OVERALL,132,-0.021643521333738723
ctnet,tcformer,47,local_exp4,8,-0.037499999999999964
ctnet,tcformer,47,bnci2014_001,9,-0.08101851851851853
ctnet,tcformer,47,bnci2014_004,9,0.012549603174603179
ctnet,tcformer,47,cho2017,52,-0.044711538461538455
ctnet,tcformer,47,physionet_mi,54,-0.012371602498414094
ctnet,tcformer,47,EQUAL_DATASET_OVERALL,132,-0.03261041126077357
ctnet_compact,tcformer,7,local_exp4,8,-0.10208333333333336
ctnet_compact,tcformer,7,bnci2014_001,9,-0.11072530864197529
ctnet_compact,tcformer,7,bnci2014_004,9,0.009424603174603204
ctnet_compact,tcformer,7,cho2017,52,-0.06943910256410256
ctnet_compact,tcformer,7,physionet_mi,54,0.00137154847299774
ctnet_compact,tcformer,7,EQUAL_DATASET_OVERALL,132,-0.05429031857836205
ctnet_compact,tcformer,17,local_exp4,8,-0.15416666666666667
ctnet_compact,tcformer,17,bnci2014_001,9,-0.15354938271604934
ctnet_compact,tcformer,17,bnci2014_004,9,-0.02395833333333336
ctnet_compact,tcformer,17,cho2017,52,-0.0891826923076923
ctnet_compact,tcformer,17,physionet_mi,54,-0.04676139413458254
ctnet_compact,tcformer,17,EQUAL_DATASET_OVERALL,132,-0.09352369383166484
ctnet_compact,tcformer,27,local_exp4,8,-0.09583333333333335
ctnet_compact,tcformer,27,bnci2014_001,9,-0.15817901234567902
ctnet_compact,tcformer,27,bnci2014_004,9,0.007738095238095229
ctnet_compact,tcformer,27,cho2017,52,-0.07312499999999998
ctnet_compact,tcformer,27,physionet_mi,54,-0.046618923883416645
ctnet_compact,tcformer,27,EQUAL_DATASET_OVERALL,132,-0.07320363486486675
ctnet_compact,tcformer,37,local_exp4,8,-0.029166666666666674
ctnet_compact,tcformer,37,bnci2014_001,9,-0.12152777777777778
ctnet_compact,tcformer,37,bnci2014_004,9,-0.016418650793650822
ctnet_compact,tcformer,37,cho2017,52,-0.0769871794871795
ctnet_compact,tcformer,37,physionet_mi,54,-0.024347599528758947
ctnet_compact,tcformer,37,EQUAL_DATASET_OVERALL,132,-0.05368957485080674
ctnet_compact,tcformer,47,local_exp4,8,-0.03333333333333331
ctnet_compact,tcformer,47,bnci2014_001,9,-0.14043209876543208
ctnet_compact,tcformer,47,bnci2014_004,9,0.011904761904761894
ctnet_compact,tcformer,47,cho2017,52,-0.07858974358974358
ctnet_compact,tcformer,47,physionet_mi,54,-0.035772668019044836
ctnet_compact,tcformer,47,EQUAL_DATASET_OVERALL,132,-0.055244616360558385
eegsym,tcformer,7,local_exp4,8,-0.22916666666666669
eegsym,tcformer,7,bnci2014_001,9,-0.35763888888888895
eegsym,tcformer,7,bnci2014_004,9,-0.07638888888888888
eegsym,tcformer,7,cho2017,52,-0.1621794871794872
eegsym,tcformer,7,physionet_mi,54,-0.044085175425755144
eegsym,tcformer,7,EQUAL_DATASET_OVERALL,132,-0.17389182140993736
eegsym,tcformer,17,local_exp4,8,-0.3145833333333333
eegsym,tcformer,17,bnci2014_001,9,-0.31828703703703703
eegsym,tcformer,17,bnci2014_004,9,-0.24384920634920634
eegsym,tcformer,17,cho2017,52,-0.1623717948717949
eegsym,tcformer,17,physionet_mi,54,-0.07861634809098578
eegsym,tcformer,17,EQUAL_DATASET_OVERALL,132,-0.2235415439364715
eegsym,tcformer,27,local_exp4,8,-0.32500000000000007
eegsym,tcformer,27,bnci2014_001,9,-0.33371913580246915
eegsym,tcformer,27,bnci2014_004,9,-0.16185515873015874
eegsym,tcformer,27,cho2017,52,-0.15253205128205127
eegsym,tcformer,27,physionet_mi,54,-0.060386473429951695
eegsym,tcformer,27,EQUAL_DATASET_OVERALL,132,-0.20669856384892618
eegsym,tcformer,37,local_exp4,8,-0.28125
eegsym,tcformer,37,bnci2014_001,9,-0.36033950617283955
eegsym,tcformer,37,bnci2014_004,9,-0.16001984126984128
eegsym,tcformer,37,cho2017,52,-0.170625
eegsym,tcformer,37,physionet_mi,54,-0.04903329359851099
eegsym,tcformer,37,EQUAL_DATASET_OVERALL,132,-0.20425352820823836
eegsym,tcformer,47,local_exp4,8,-0.2791666666666667
eegsym,tcformer,47,bnci2014_001,9,-0.3333333333333333
eegsym,tcformer,47,bnci2014_004,9,-0.10456349206349207
eegsym,tcformer,47,cho2017,52,-0.14557692307692308
eegsym,tcformer,47,physionet_mi,54,-0.03397196603718343
eegsym,tcformer,47,EQUAL_DATASET_OVERALL,132,-0.17932247623551972
eegsym_wide,tcformer,7,local_exp4,8,-0.00416666666666668
eegsym_wide,tcformer,7,bnci2014_001,9,-0.19174382716049385
eegsym_wide,tcformer,7,bnci2014_004,9,0.012797619047619065
eegsym_wide,tcformer,7,cho2017,52,-0.08724358974358976
eegsym_wide,tcformer,7,physionet_mi,54,-0.024719024266125718
eegsym_wide,tcformer,7,EQUAL_DATASET_OVERALL,132,-0.05901509775785139
eegsym_wide,tcformer,17,local_exp4,8,-0.14166666666666666
eegsym_wide,tcformer,17,bnci2014_001,9,-0.21180555555555552
eegsym_wide,tcformer,17,bnci2014_004,9,-0.013144841269841272
eegsym_wide,tcformer,17,cho2017,52,-0.08762820512820513
eegsym_wide,tcformer,17,physionet_mi,54,-0.0521343089277872
eegsym_wide,tcformer,17,EQUAL_DATASET_OVERALL,132,-0.10127591550961115
eegsym_wide,tcformer,27,local_exp4,8,-0.025000000000000022
eegsym_wide,tcformer,27,bnci2014_001,9,-0.18132716049382716
eegsym_wide,tcformer,27,bnci2014_004,9,0.005208333333333327
eegsym_wide,tcformer,27,cho2017,52,-0.0802724358974359
eegsym_wide,tcformer,27,physionet_mi,54,-0.045953409178046856
eegsym_wide,tcformer,27,EQUAL_DATASET_OVERALL,132,-0.06546893444719533
eegsym_wide,tcformer,37,local_exp4,8,0.02916666666666666
eegsym_wide,tcformer,37,bnci2014_001,9,-0.23225308641975312
eegsym_wide,tcformer,37,bnci2014_004,9,0.0023313492063492167
eegsym_wide,tcformer,37,cho2017,52,-0.09641025641025641
eegsym_wide,tcformer,37,physionet_mi,54,-0.04160479885117566
eegsym_wide,tcformer,37,EQUAL_DATASET_OVERALL,132,-0.06775402516163385
eegsym_wide,tcformer,47,local_exp4,8,-0.10833333333333328
eegsym_wide,tcformer,47,bnci2014_001,9,-0.23032407407407407
eegsym_wide,tcformer,47,bnci2014_004,9,0.007589285714285712
eegsym_wide,tcformer,47,cho2017,52,-0.08963141025641025
eegsym_wide,tcformer,47,physionet_mi,54,-0.040932748813183595
eegsym_wide,tcformer,47,EQUAL_DATASET_OVERALL,132,-0.0923264561525431
