model,comparator,dataset,subjects,mean_balanced_accuracy_difference,median_balanced_accuracy_difference,descriptive_bootstrap_interval95_low,descriptive_bootstrap_interval95_high,bootstrap_resamples,bootstrap_seed,status
scope,tcformer,local_exp4,8,-0.2041666666666667,-0.1683333333333334,-0.28167708333333324,-0.13458333333333336,100000,20260730,"descriptive development-cohort context only; no hypothesis test, confirmation, or SOTA inference"
scope,tcformer,bnci2014_001,9,-0.287962962962963,-0.28194444444444433,-0.36365740740740743,-0.21512345679012343,100000,20260731,"descriptive development-cohort context only; no hypothesis test, confirmation, or SOTA inference"
scope,tcformer,bnci2014_004,9,-0.03687500000000002,-0.047499999999999876,-0.06041666666666669,-0.013680555555555609,100000,20260732,"descriptive development-cohort context only; no hypothesis test, confirmation, or SOTA inference"
scope,tcformer,cho2017,52,-0.12516025641025638,-0.09449999999999997,-0.15588149038461535,-0.0964358173076923,100000,20260733,"descriptive development-cohort context only; no hypothesis test, confirmation, or SOTA inference"
scope,tcformer,physionet_mi,54,-0.03227190817770529,-0.019108789760963613,-0.053264320220841974,-0.013625017209709257,100000,20260734,"descriptive development-cohort context only; no hypothesis test, confirmation, or SOTA inference"
free_scope,tcformer,local_exp4,8,-0.1379166666666667,-0.09666666666666673,-0.22625000000000006,-0.06333333333333335,100000,20261730,"descriptive development-cohort context only; no hypothesis test, confirmation, or SOTA inference"
free_scope,tcformer,bnci2014_001,9,-0.17183641975308642,-0.1479166666666667,-0.21504629629629632,-0.12955246913580243,100000,20261731,"descriptive development-cohort context only; no hypothesis test, confirmation, or SOTA inference"
free_scope,tcformer,bnci2014_004,9,-0.04153769841269842,-0.03875000000000006,-0.07967385912698412,-0.00813492063492068,100000,20261732,"descriptive development-cohort context only; no hypothesis test, confirmation, or SOTA inference"
free_scope,tcformer,cho2017,52,-0.09679487179487177,-0.09700000000000003,-0.1182083333333333,-0.07589423076923073,100000,20261733,"descriptive development-cohort context only; no hypothesis test, confirmation, or SOTA inference"
free_scope,tcformer,physionet_mi,54,-0.012324678810186054,-0.00385375494071144,-0.02708187268649226,0.0014087268910638329,100000,20261734,"descriptive development-cohort context only; no hypothesis test, confirmation, or SOTA inference"
cardinal,tcformer,local_exp4,8,-0.0729166666666667,-0.04833333333333345,-0.12625000000000003,-0.026250000000000023,100000,20262730,"descriptive development-cohort context only; no hypothesis test, confirmation, or SOTA inference"
cardinal,tcformer,bnci2014_001,9,-0.02283950617283949,-0.03888888888888886,-0.05354938271604937,0.01188271604938268,100000,20262731,"descriptive development-cohort context only; no hypothesis test, confirmation, or SOTA inference"
cardinal,tcformer,bnci2014_004,9,-0.03380952380952386,-0.01749999999999996,-0.06006944444444448,-0.0090178571428572,100000,20262732,"descriptive development-cohort context only; no hypothesis test, confirmation, or SOTA inference"
cardinal,tcformer,cho2017,52,-0.016173076923076898,-0.014000000000000068,-0.028919871794871765,-0.003480689102564077,100000,20262733,"descriptive development-cohort context only; no hypothesis test, confirmation, or SOTA inference"
cardinal,tcformer,physionet_mi,54,0.027371149382018938,0.027827969132316943,0.01285342098521446,0.041254298070421226,100000,20262734,"descriptive development-cohort context only; no hypothesis test, confirmation, or SOTA inference"
free_cardinal,tcformer,local_exp4,8,-0.026666666666666672,-0.021666666666666667,-0.062499999999999986,0.013749999999999998,100000,20263730,"descriptive development-cohort context only; no hypothesis test, confirmation, or SOTA inference"
free_cardinal,tcformer,bnci2014_001,9,-0.023533950617283958,-0.04097222222222219,-0.05447530864197529,0.011419753086419718,100000,20263731,"descriptive development-cohort context only; no hypothesis test, confirmation, or SOTA inference"
free_cardinal,tcformer,bnci2014_004,9,-0.019563492063492036,-0.022499999999999853,-0.041160714285714266,0.003531746031746011,100000,20263732,"descriptive development-cohort context only; no hypothesis test, confirmation, or SOTA inference"
free_cardinal,tcformer,cho2017,52,-0.016826923076923052,-0.014999999999999958,-0.029499999999999964,-0.004173076923076899,100000,20263733,"descriptive development-cohort context only; no hypothesis test, confirmation, or SOTA inference"
free_cardinal,tcformer,physionet_mi,54,0.02693990456671616,0.02707509881422926,0.012506188959993328,0.040445720577061146,100000,20263734,"descriptive development-cohort context only; no hypothesis test, confirmation, or SOTA inference"
cardinal_dynamics,tcformer,local_exp4,8,-0.02374999999999998,-0.026666666666666672,-0.05124999999999996,0.005416666666666681,100000,20264730,"descriptive development-cohort context only; no hypothesis test, confirmation, or SOTA inference"
cardinal_dynamics,tcformer,bnci2014_001,9,-0.023070987654320967,-0.02361111111111125,-0.06774884259259258,0.019753086419753128,100000,20264731,"descriptive development-cohort context only; no hypothesis test, confirmation, or SOTA inference"
cardinal_dynamics,tcformer,bnci2014_004,9,0.002003968253968264,0.0031250000000001554,-0.012569444444444498,0.017956349206349143,100000,20264732,"descriptive development-cohort context only; no hypothesis test, confirmation, or SOTA inference"
cardinal_dynamics,tcformer,cho2017,52,0.009727564102564127,0.0015000000000001124,-0.0025481570512820477,0.022368589743589788,100000,20264733,"descriptive development-cohort context only; no hypothesis test, confirmation, or SOTA inference"
cardinal_dynamics,tcformer,physionet_mi,54,0.03318197502980112,0.025592885375494062,0.0172492436441712,0.05003373538699624,100000,20264734,"descriptive development-cohort context only; no hypothesis test, confirmation, or SOTA inference"
cardinal_dynamics_compact,tcformer,local_exp4,8,-0.022916666666666696,-0.030000000000000027,-0.045833333333333365,0.0033333333333332993,100000,20265730,"descriptive development-cohort context only; no hypothesis test, confirmation, or SOTA inference"
cardinal_dynamics_compact,tcformer,bnci2014_001,9,-0.025462962962962896,-0.02777777777777768,-0.06566358024691353,0.012191358024691476,100000,20265731,"descriptive development-cohort context only; no hypothesis test, confirmation, or SOTA inference"
cardinal_dynamics_compact,tcformer,bnci2014_004,9,0.008125000000000049,0.003750000000000142,-0.007361111111110979,0.026041666666666644,100000,20265732,"descriptive development-cohort context only; no hypothesis test, confirmation, or SOTA inference"
cardinal_dynamics_compact,tcformer,cho2017,52,0.008134615384615409,0.0034999999999999476,-0.0022884615384615127,0.019134615384615423,100000,20265733,"descriptive development-cohort context only; no hypothesis test, confirmation, or SOTA inference"
cardinal_dynamics_compact,tcformer,physionet_mi,54,0.03220607559375676,0.018619424054206607,0.017198054562184997,0.048288967138604776,100000,20265734,"descriptive development-cohort context only; no hypothesis test, confirmation, or SOTA inference"
cardinal_dynamics_extended,tcformer,local_exp4,8,-0.005833333333333315,-0.011666666666666603,-0.03874999999999995,0.036666666666666625,100000,20266730,"descriptive development-cohort context only; no hypothesis test, confirmation, or SOTA inference"
cardinal_dynamics_extended,tcformer,bnci2014_001,9,-0.017746913580246874,-0.023611111111111027,-0.05841242283950614,0.023379629629629646,100000,20266731,"descriptive development-cohort context only; no hypothesis test, confirmation, or SOTA inference"
cardinal_dynamics_extended,tcformer,bnci2014_004,9,0.0013492063492063838,-0.0006249999999998757,-0.012986111111111056,0.01745039682539684,100000,20266732,"descriptive development-cohort context only; no hypothesis test, confirmation, or SOTA inference"
cardinal_dynamics_extended,tcformer,cho2017,52,0.007480769230769271,0.006000000000000116,-0.0037596153846153626,0.019394230769230823,100000,20266733,"descriptive development-cohort context only; no hypothesis test, confirmation, or SOTA inference"
cardinal_dynamics_extended,tcformer,physionet_mi,54,0.030503403601229686,0.02924901185770748,0.015825765418156727,0.04558315426521948,100000,20266734,"descriptive development-cohort context only; no hypothesis test, confirmation, or SOTA inference"
cardinal_dynamics_sinc,tcformer,local_exp4,8,-0.03999999999999998,-0.026666666666666672,-0.07833333333333332,-0.00874999999999998,100000,20267730,"descriptive development-cohort context only; no hypothesis test, confirmation, or SOTA inference"
cardinal_dynamics_sinc,tcformer,bnci2014_001,9,-0.019598765432098757,-0.028472222222222232,-0.05362654320987655,0.01365740740740742,100000,20267731,"descriptive development-cohort context only; no hypothesis test, confirmation, or SOTA inference"
cardinal_dynamics_sinc,tcformer,bnci2014_004,9,0.00798611111111115,-0.001874999999999849,-0.005069444444444398,0.022708333333333355,100000,20267732,"descriptive development-cohort context only; no hypothesis test, confirmation, or SOTA inference"
cardinal_dynamics_sinc,tcformer,cho2017,52,-0.005919871794871765,-0.009333333333333249,-0.015352564102564054,0.0037307692307692684,100000,20267733,"descriptive development-cohort context only; no hypothesis test, confirmation, or SOTA inference"
cardinal_dynamics_sinc,tcformer,physionet_mi,54,0.01253685927598971,0.012970543948804786,-6.616915357857142e-05,0.025041496094485197,100000,20267734,"descriptive development-cohort context only; no hypothesis test, confirmation, or SOTA inference"
cardinal_dynamics_sinc_residual,tcformer,local_exp4,8,-0.04083333333333329,-0.03166666666666662,-0.0720833333333333,-0.01166666666666663,100000,20268730,"descriptive development-cohort context only; no hypothesis test, confirmation, or SOTA inference"
cardinal_dynamics_sinc_residual,tcformer,bnci2014_001,9,-0.017438271604938254,-0.02083333333333326,-0.05663580246913577,0.020833333333333346,100000,20268731,"descriptive development-cohort context only; no hypothesis test, confirmation, or SOTA inference"
cardinal_dynamics_sinc_residual,tcformer,bnci2014_004,9,0.009206349206349206,0.008750000000000036,6.9444444444529e-05,0.018789682539682568,100000,20268732,"descriptive development-cohort context only; no hypothesis test, confirmation, or SOTA inference"
cardinal_dynamics_sinc_residual,tcformer,cho2017,52,0.000730769230769257,-0.0004999999999998894,-0.009403846153846112,0.011365384615384609,100000,20268733,"descriptive development-cohort context only; no hypothesis test, confirmation, or SOTA inference"
cardinal_dynamics_sinc_residual,tcformer,physionet_mi,54,0.023131548403287527,0.018774703557312228,0.010100266162313267,0.03635964000773783,100000,20268734,"descriptive development-cohort context only; no hypothesis test, confirmation, or SOTA inference"
cardinal_dynamics_sinc_extended,tcformer,local_exp4,8,0.004166666666666652,-1.1102230246251565e-16,-0.02583333333333332,0.04083333333333329,100000,20269730,"descriptive development-cohort context only; no hypothesis test, confirmation, or SOTA inference"
cardinal_dynamics_sinc_extended,tcformer,bnci2014_001,9,-0.01365740740740736,-0.027083333333333348,-0.05648148148148145,0.028395061728395135,100000,20269731,"descriptive development-cohort context only; no hypothesis test, confirmation, or SOTA inference"
cardinal_dynamics_sinc_extended,tcformer,bnci2014_004,9,0.009623015873015901,0.011249999999999871,0.0012500000000000228,0.018055803571428584,100000,20269732,"descriptive development-cohort context only; no hypothesis test, confirmation, or SOTA inference"
cardinal_dynamics_sinc_extended,tcformer,cho2017,52,-0.0023108974358974194,-0.006000000000000005,-0.011852564102564068,0.007826923076923082,100000,20269733,"descriptive development-cohort context only; no hypothesis test, confirmation, or SOTA inference"
cardinal_dynamics_sinc_extended,tcformer,physionet_mi,54,0.019730866288837298,0.018911161302465646,0.005725324980306853,0.03419933134833495,100000,20269734,"descriptive development-cohort context only; no hypothesis test, confirmation, or SOTA inference"
eegnet,tcformer,local_exp4,8,-0.07583333333333334,-0.05499999999999999,-0.14541666666666664,-0.01791666666666672,100000,20270730,"descriptive development-cohort context only; no hypothesis test, confirmation, or SOTA inference"
eegnet,tcformer,bnci2014_001,9,-0.24853395061728398,-0.26458333333333334,-0.3680555555555556,-0.1380401234567901,100000,20270731,"descriptive development-cohort context only; no hypothesis test, confirmation, or SOTA inference"
eegnet,tcformer,bnci2014_004,9,-0.05213293650793652,-0.03125000000000011,-0.09234126984126984,-0.01659722222222224,100000,20270732,"descriptive development-cohort context only; no hypothesis test, confirmation, or SOTA inference"
eegnet,tcformer,cho2017,52,-0.061528846153846135,-0.0470000000000001,-0.08203205128205124,-0.042352564102564084,100000,20270733,"descriptive development-cohort context only; no hypothesis test, confirmation, or SOTA inference"
eegnet,tcformer,physionet_mi,54,-0.03538547134561628,-0.010276679841897174,-0.05429492365860121,-0.018386729179301675,100000,20270734,"descriptive development-cohort context only; no hypothesis test, confirmation, or SOTA inference"
shallow,tcformer,local_exp4,8,-0.035416666666666693,-0.038333333333333275,-0.05708333333333339,-0.014166666666666675,100000,20271730,"descriptive development-cohort context only; no hypothesis test, confirmation, or SOTA inference"
shallow,tcformer,bnci2014_001,9,-0.06944444444444442,-0.06874999999999998,-0.10663580246913582,-0.036574074074074044,100000,20271731,"descriptive development-cohort context only; no hypothesis test, confirmation, or SOTA inference"
shallow,tcformer,bnci2014_004,9,-0.006111111111111129,-0.010000000000000009,-0.02256944444444442,0.013124999999999954,100000,20271732,"descriptive development-cohort context only; no hypothesis test, confirmation, or SOTA inference"
shallow,tcformer,cho2017,52,-0.012955128205128185,-0.01150000000000001,-0.025685897435897418,-0.00021786858974356583,100000,20271733,"descriptive development-cohort context only; no hypothesis test, confirmation, or SOTA inference"
shallow,tcformer,physionet_mi,54,0.010842465371450867,0.003367918313570417,-0.0014931557639891063,0.023509254684526415,100000,20271734,"descriptive development-cohort context only; no hypothesis test, confirmation, or SOTA inference"
deep4,tcformer,local_exp4,8,-0.24583333333333335,-0.2033333333333333,-0.3616666666666667,-0.13208333333333339,100000,20272730,"descriptive development-cohort context only; no hypothesis test, confirmation, or SOTA inference"
deep4,tcformer,bnci2014_001,9,-0.41118827160493826,-0.41874999999999996,-0.5057098765432098,-0.3101851851851851,100000,20272731,"descriptive development-cohort context only; no hypothesis test, confirmation, or SOTA inference"
deep4,tcformer,bnci2014_004,9,-0.07965277777777778,-0.028749999999999942,-0.15430555555555558,-0.01923611111111116,100000,20272732,"descriptive development-cohort context only; no hypothesis test, confirmation, or SOTA inference"
deep4,tcformer,cho2017,52,-0.13985256410256405,-0.14249999999999996,-0.1693333333333333,-0.11145512820512818,100000,20272733,"descriptive development-cohort context only; no hypothesis test, confirmation, or SOTA inference"
deep4,tcformer,physionet_mi,54,-0.043664169298227286,-0.020652173913043415,-0.06674951398909736,-0.02305067584053093,100000,20272734,"descriptive development-cohort context only; no hypothesis test, confirmation, or SOTA inference"
eegconformer,tcformer,local_exp4,8,-0.022499999999999992,-0.031666666666666565,-0.04208333333333335,0.004166666666666652,100000,20273730,"descriptive development-cohort context only; no hypothesis test, confirmation, or SOTA inference"
eegconformer,tcformer,bnci2014_001,9,-0.10578703703703701,-0.07638888888888906,-0.158179012345679,-0.06481481481481478,100000,20273731,"descriptive development-cohort context only; no hypothesis test, confirmation, or SOTA inference"
eegconformer,tcformer,bnci2014_004,9,0.002003968253968252,0.004374999999999907,-0.012023809523809584,0.017331349206349194,100000,20273732,"descriptive development-cohort context only; no hypothesis test, confirmation, or SOTA inference"
eegconformer,tcformer,cho2017,52,-0.0354230769230769,-0.01899999999999996,-0.049461538461538446,-0.022423076923076914,100000,20273733,"descriptive development-cohort context only; no hypothesis test, confirmation, or SOTA inference"
eegconformer,tcformer,physionet_mi,54,0.015619619242807655,0.01019551101072838,0.004525130750221336,0.0270171783396421,100000,20273734,"descriptive development-cohort context only; no hypothesis test, confirmation, or SOTA inference"
eegconformer_compact,tcformer,local_exp4,8,-0.038333333333333344,-0.025000000000000022,-0.07416666666666669,-0.0037499999999999617,100000,20274730,"descriptive development-cohort context only; no hypothesis test, confirmation, or SOTA inference"
eegconformer_compact,tcformer,bnci2014_001,9,-0.09783950617283949,-0.09305555555555567,-0.1317129629629629,-0.06219135802469132,100000,20274731,"descriptive development-cohort context only; no hypothesis test, confirmation, or SOTA inference"
eegconformer_compact,tcformer,bnci2014_004,9,-0.0029365079365078917,-0.008124999999999827,-0.018611111111111047,0.014801587301587303,100000,20274732,"descriptive development-cohort context only; no hypothesis test, confirmation, or SOTA inference"
eegconformer_compact,tcformer,cho2017,52,-0.039919871794871775,-0.024499999999999966,-0.05287499999999999,-0.027756410256410256,100000,20274733,"descriptive development-cohort context only; no hypothesis test, confirmation, or SOTA inference"
eegconformer_compact,tcformer,physionet_mi,54,0.017764602547211263,0.009703792584227322,0.00421566641222439,0.03254520598497051,100000,20274734,"descriptive development-cohort context only; no hypothesis test, confirmation, or SOTA inference"
atcnet,tcformer,local_exp4,8,-0.07291666666666666,-0.013333333333333308,-0.15833333333333333,-0.0016666666666666219,100000,20275730,"descriptive development-cohort context only; no hypothesis test, confirmation, or SOTA inference"
atcnet,tcformer,bnci2014_001,9,-0.09614197530864199,-0.07638888888888895,-0.13873456790123465,-0.05756172839506175,100000,20275731,"descriptive development-cohort context only; no hypothesis test, confirmation, or SOTA inference"
atcnet,tcformer,bnci2014_004,9,0.001498015873015901,0.0031250000000002665,-0.015863095238095273,0.015535714285714307,100000,20275732,"descriptive development-cohort context only; no hypothesis test, confirmation, or SOTA inference"
atcnet,tcformer,cho2017,52,-0.04223397435897433,-0.035999999999999865,-0.05752572115384614,-0.028173076923076912,100000,20275733,"descriptive development-cohort context only; no hypothesis test, confirmation, or SOTA inference"
atcnet,tcformer,physionet_mi,54,0.0024922273110678855,0.004051383399209435,-0.009071136442060373,0.014226729641131823,100000,20275734,"descriptive development-cohort context only; no hypothesis test, confirmation, or SOTA inference"
atcnet_aggressive_pool,tcformer,local_exp4,8,-0.045000000000000026,-0.01166666666666677,-0.10458333333333338,-0.008333333333333304,100000,20276730,"descriptive development-cohort context only; no hypothesis test, confirmation, or SOTA inference"
atcnet_aggressive_pool,tcformer,bnci2014_001,9,-0.10462962962962959,-0.09097222222222212,-0.14567901234567895,-0.06581790123456782,100000,20276731,"descriptive development-cohort context only; no hypothesis test, confirmation, or SOTA inference"
atcnet_aggressive_pool,tcformer,bnci2014_004,9,-0.0003670634920635142,-0.0006249999999999867,-0.00823462301587304,0.008194444444444442,100000,20276732,"descriptive development-cohort context only; no hypothesis test, confirmation, or SOTA inference"
atcnet_aggressive_pool,tcformer,cho2017,52,-0.059919871794871765,-0.05400000000000005,-0.07744871794871792,-0.04324358974358971,100000,20276733,"descriptive development-cohort context only; no hypothesis test, confirmation, or SOTA inference"
atcnet_aggressive_pool,tcformer,physionet_mi,54,-0.009314156053286492,-0.00513833992094867,-0.021524198593944985,0.002871842998654578,100000,20276734,"descriptive development-cohort context only; no hypothesis test, confirmation, or SOTA inference"
fbcnet,tcformer,local_exp4,8,-0.005833333333333343,-0.011666666666666659,-0.03666666666666668,0.03416666666666664,100000,20277730,"descriptive development-cohort context only; no hypothesis test, confirmation, or SOTA inference"
fbcnet,tcformer,bnci2014_001,9,0.02175925925925928,-0.004861111111111205,-0.008719135802469129,0.05771604938271605,100000,20277731,"descriptive development-cohort context only; no hypothesis test, confirmation, or SOTA inference"
fbcnet,tcformer,bnci2014_004,9,-0.011835317460317407,-0.00749999999999984,-0.035277777777777714,0.010396825396825416,100000,20277732,"descriptive development-cohort context only; no hypothesis test, confirmation, or SOTA inference"
fbcnet,tcformer,cho2017,52,0.0013333333333333435,-0.0050000000000000044,-0.010150721153846153,0.013516025641025645,100000,20277733,"descriptive development-cohort context only; no hypothesis test, confirmation, or SOTA inference"
fbcnet,tcformer,physionet_mi,54,-0.010981842231842233,-0.00653467908902694,-0.028467370826972274,0.005018148618692099,100000,20277734,"descriptive development-cohort context only; no hypothesis test, confirmation, or SOTA inference"
cardinal_fbc,tcformer,local_exp4,8,-0.01375000000000004,-0.011666666666666603,-0.04791666666666666,0.02249999999999991,100000,20278730,"descriptive development-cohort context only; no hypothesis test, confirmation, or SOTA inference"
cardinal_fbc,tcformer,bnci2014_001,9,0.026080246913580265,0.009722222222222077,-0.0033950617283950127,0.060956790123456846,100000,20278731,"descriptive development-cohort context only; no hypothesis test, confirmation, or SOTA inference"
cardinal_fbc,tcformer,bnci2014_004,9,-0.008164682539682524,-0.0012500000000000844,-0.026944444444444375,0.011001984126984117,100000,20278732,"descriptive development-cohort context only; no hypothesis test, confirmation, or SOTA inference"
cardinal_fbc,tcformer,cho2017,52,0.0007083333333333557,-0.005916666666666515,-0.010939102564102557,0.013044871794871828,100000,20278733,"descriptive development-cohort context only; no hypothesis test, confirmation, or SOTA inference"
cardinal_fbc,tcformer,physionet_mi,54,-0.010641133557800227,-0.00653467908902694,-0.02827725364410148,0.005561077911621392,100000,20278734,"descriptive development-cohort context only; no hypothesis test, confirmation, or SOTA inference"
cardinal_fbc_extended,tcformer,local_exp4,8,-0.005416666666666667,-0.011666666666666603,-0.03666666666666665,0.03458333333333331,100000,20279730,"descriptive development-cohort context only; no hypothesis test, confirmation, or SOTA inference"
cardinal_fbc_extended,tcformer,bnci2014_001,9,0.02237654320987655,-0.004861111111111205,-0.007175925925925937,0.057947530864197544,100000,20279731,"descriptive development-cohort context only; no hypothesis test, confirmation, or SOTA inference"
cardinal_fbc_extended,tcformer,bnci2014_004,9,-0.012956349206349213,-0.004375000000000018,-0.03652777777777778,0.009424603174603093,100000,20279732,"descriptive development-cohort context only; no hypothesis test, confirmation, or SOTA inference"
cardinal_fbc_extended,tcformer,cho2017,52,0.0019391025641025727,-0.0039999999999998925,-0.009435897435897431,0.014032051282051282,100000,20279733,"descriptive development-cohort context only; no hypothesis test, confirmation, or SOTA inference"
cardinal_fbc_extended,tcformer,physionet_mi,54,-0.010986111982488798,-0.00653467908902694,-0.02862006015991522,0.005457871938850186,100000,20279734,"descriptive development-cohort context only; no hypothesis test, confirmation, or SOTA inference"
cardinal_fbc_corr,tcformer,local_exp4,8,-0.023333333333333386,-0.021666666666666723,-0.059583333333333335,0.01583333333333324,100000,20280730,"descriptive development-cohort context only; no hypothesis test, confirmation, or SOTA inference"
cardinal_fbc_corr,tcformer,bnci2014_001,9,0.025077160493827206,0.011805555555555514,-0.002854938271604891,0.058487654320987695,100000,20280731,"descriptive development-cohort context only; no hypothesis test, confirmation, or SOTA inference"
cardinal_fbc_corr,tcformer,bnci2014_004,9,-0.015575396825396833,-0.008749999999999925,-0.036130952380952416,0.00509920634920628,100000,20280732,"descriptive development-cohort context only; no hypothesis test, confirmation, or SOTA inference"
cardinal_fbc_corr,tcformer,cho2017,52,0.00691025641025643,0.0031666666666668175,-0.004557692307692277,0.019019230769230774,100000,20280733,"descriptive development-cohort context only; no hypothesis test, confirmation, or SOTA inference"
cardinal_fbc_corr,tcformer,physionet_mi,54,-0.0024524053509560793,0.0011857707509881354,-0.01789156881095287,0.01323457792207793,100000,20280734,"descriptive development-cohort context only; no hypothesis test, confirmation, or SOTA inference"
cardinal_fbc_corr_extended,tcformer,local_exp4,8,-0.008750000000000008,-0.00666666666666671,-0.03541666666666664,0.021666666666666612,100000,20281730,"descriptive development-cohort context only; no hypothesis test, confirmation, or SOTA inference"
cardinal_fbc_corr_extended,tcformer,bnci2014_001,9,0.024151234567901234,0.009027777777777857,-0.0037808641975308633,0.058641975308641986,100000,20281731,"descriptive development-cohort context only; no hypothesis test, confirmation, or SOTA inference"
cardinal_fbc_corr_extended,tcformer,bnci2014_004,9,-0.02058531746031743,-0.009375000000000022,-0.04618055555555553,0.004871031746031762,100000,20281732,"descriptive development-cohort context only; no hypothesis test, confirmation, or SOTA inference"
cardinal_fbc_corr_extended,tcformer,cho2017,52,0.005701923076923096,0.005500000000000005,-0.006128205128205099,0.01816987179487182,100000,20281733,"descriptive development-cohort context only; no hypothesis test, confirmation, or SOTA inference"
cardinal_fbc_corr_extended,tcformer,physionet_mi,54,-0.001251167646095181,0.001488095238095205,-0.016561546930659258,0.013052295513799168,100000,20281734,"descriptive development-cohort context only; no hypothesis test, confirmation, or SOTA inference"
cardinal_fbc_compactdyn,tcformer,local_exp4,8,-0.02791666666666663,-0.021666666666666556,-0.06458333333333337,0.0062500000000000056,100000,20282730,"descriptive development-cohort context only; no hypothesis test, confirmation, or SOTA inference"
cardinal_fbc_compactdyn,tcformer,bnci2014_001,9,0.029706790123456856,0.011111111111111072,-0.004243827160493775,0.067283950617284,100000,20282731,"descriptive development-cohort context only; no hypothesis test, confirmation, or SOTA inference"
cardinal_fbc_compactdyn,tcformer,bnci2014_004,9,0.001875000000000034,0.004999999999999893,-0.012569444444444423,0.015347222222222253,100000,20282732,"descriptive development-cohort context only; no hypothesis test, confirmation, or SOTA inference"
cardinal_fbc_compactdyn,tcformer,cho2017,52,0.01651282051282053,0.0124999999999999,0.005259615384615405,0.028541826923076923,100000,20282733,"descriptive development-cohort context only; no hypothesis test, confirmation, or SOTA inference"
cardinal_fbc_compactdyn,tcformer,physionet_mi,54,-0.01278280562700852,-0.0121541501976285,-0.028610090509999936,0.001898564230991776,100000,20282734,"descriptive development-cohort context only; no hypothesis test, confirmation, or SOTA inference"
cardinal_fbc_compactdyn_extended,tcformer,local_exp4,8,-0.010000000000000023,-0.021666666666666667,-0.03750000000000002,0.02374999999999998,100000,20283730,"descriptive development-cohort context only; no hypothesis test, confirmation, or SOTA inference"
cardinal_fbc_compactdyn_extended,tcformer,bnci2014_001,9,0.033487654320987645,0.009027777777777635,-0.0003086419753086902,0.07029320987654322,100000,20283731,"descriptive development-cohort context only; no hypothesis test, confirmation, or SOTA inference"
cardinal_fbc_compactdyn_extended,tcformer,bnci2014_004,9,-0.0038789682539682614,0.001874999999999849,-0.023611111111111076,0.013293650793650759,100000,20283732,"descriptive development-cohort context only; no hypothesis test, confirmation, or SOTA inference"
cardinal_fbc_compactdyn_extended,tcformer,cho2017,52,0.016830128205128223,0.014166666666666772,0.004730769230769235,0.02945512820512822,100000,20283733,"descriptive development-cohort context only; no hypothesis test, confirmation, or SOTA inference"
cardinal_fbc_compactdyn_extended,tcformer,physionet_mi,54,-0.014401128259823913,-0.011578910220214539,-0.03092149932729643,0.0008626432109221962,100000,20283734,"descriptive development-cohort context only; no hypothesis test, confirmation, or SOTA inference"
cardinal_fbc_compactdyn_scale010,tcformer,local_exp4,8,-0.017916666666666664,-0.01666666666666672,-0.05083333333333327,0.01999999999999992,100000,20284730,"descriptive development-cohort context only; no hypothesis test, confirmation, or SOTA inference"
cardinal_fbc_compactdyn_scale010,tcformer,bnci2014_001,9,0.027237654320987643,0.002083333333333437,-0.0018518518518518328,0.06211419753086421,100000,20284731,"descriptive development-cohort context only; no hypothesis test, confirmation, or SOTA inference"
cardinal_fbc_compactdyn_scale010,tcformer,bnci2014_004,9,-0.012777777777777789,-0.010624999999999996,-0.02958333333333332,0.005208333333333259,100000,20284732,"descriptive development-cohort context only; no hypothesis test, confirmation, or SOTA inference"
cardinal_fbc_compactdyn_scale010,tcformer,cho2017,52,0.00486538461538465,-0.0014999999999998903,-0.006544871794871756,0.01691033653846156,100000,20284733,"descriptive development-cohort context only; no hypothesis test, confirmation, or SOTA inference"
cardinal_fbc_compactdyn_scale010,tcformer,physionet_mi,54,-0.011486326341398815,-0.004952475061170747,-0.030515275032938074,0.005690985075043032,100000,20284734,"descriptive development-cohort context only; no hypothesis test, confirmation, or SOTA inference"
cardinal_fbc_compactdyn_scale010_extended,tcformer,local_exp4,8,-0.0020833333333333537,-0.008333333333333304,-0.03416666666666669,0.03791666666666661,100000,20285730,"descriptive development-cohort context only; no hypothesis test, confirmation, or SOTA inference"
cardinal_fbc_compactdyn_scale010_extended,tcformer,bnci2014_001,9,0.024228395061728396,-0.002777777777777879,-0.005632716049382733,0.06010802469135801,100000,20285731,"descriptive development-cohort context only; no hypothesis test, confirmation, or SOTA inference"
cardinal_fbc_compactdyn_scale010_extended,tcformer,bnci2014_004,9,-0.006617063492063504,-0.003750000000000031,-0.023075396825396808,0.010535714285714252,100000,20285732,"descriptive development-cohort context only; no hypothesis test, confirmation, or SOTA inference"
cardinal_fbc_compactdyn_scale010_extended,tcformer,cho2017,52,0.005282051282051307,-0.0015000000000000568,-0.006092948717948697,0.017118750000000012,100000,20285733,"descriptive development-cohort context only; no hypothesis test, confirmation, or SOTA inference"
cardinal_fbc_compactdyn_scale010_extended,tcformer,physionet_mi,54,-0.00971782176492323,-0.005952380952380959,-0.029170771944775582,0.008294339182020303,100000,20285734,"descriptive development-cohort context only; no hypothesis test, confirmation, or SOTA inference"
cardinal_fbc_compactdyn_scale025,tcformer,local_exp4,8,-0.015833333333333366,-0.020000000000000018,-0.050000000000000044,0.021666666666666626,100000,20286730,"descriptive development-cohort context only; no hypothesis test, confirmation, or SOTA inference"
cardinal_fbc_compactdyn_scale025,tcformer,bnci2014_001,9,0.031018518518518542,0.007638888888888862,0.0032407407407407662,0.06458333333333333,100000,20286731,"descriptive development-cohort context only; no hypothesis test, confirmation, or SOTA inference"
cardinal_fbc_compactdyn_scale025,tcformer,bnci2014_004,9,-0.00897817460317459,-0.008749999999999925,-0.025138888888888836,0.005932539682539644,100000,20286732,"descriptive development-cohort context only; no hypothesis test, confirmation, or SOTA inference"
cardinal_fbc_compactdyn_scale025,tcformer,cho2017,52,0.015259615384615403,0.007333333333333414,0.004115384615384627,0.027128205128205143,100000,20286733,"descriptive development-cohort context only; no hypothesis test, confirmation, or SOTA inference"
cardinal_fbc_compactdyn_scale025,tcformer,physionet_mi,54,-0.016260561097517633,-0.01339285714285715,-0.034418049325205126,0.00023753973482232827,100000,20286734,"descriptive development-cohort context only; no hypothesis test, confirmation, or SOTA inference"
cardinal_fbc_compactdyn_scale025_extended,tcformer,local_exp4,8,0.00041666666666663466,-0.008333333333333415,-0.03375000000000006,0.04624999999999996,100000,20287730,"descriptive development-cohort context only; no hypothesis test, confirmation, or SOTA inference"
cardinal_fbc_compactdyn_scale025_extended,tcformer,bnci2014_001,9,0.03078703703703709,0.009027777777777857,0.001388888888888958,0.06581790123456796,100000,20287731,"descriptive development-cohort context only; no hypothesis test, confirmation, or SOTA inference"
cardinal_fbc_compactdyn_scale025_extended,tcformer,bnci2014_004,9,-0.000763888888888848,0.0012500000000000844,-0.016736111111111077,0.013611111111111192,100000,20287732,"descriptive development-cohort context only; no hypothesis test, confirmation, or SOTA inference"
cardinal_fbc_compactdyn_scale025_extended,tcformer,cho2017,52,0.017798076923076937,0.010666666666666602,0.006086538461538496,0.030224439102564116,100000,20287733,"descriptive development-cohort context only; no hypothesis test, confirmation, or SOTA inference"
cardinal_fbc_compactdyn_scale025_extended,tcformer,physionet_mi,54,-0.014553401509923257,-0.006528797289666877,-0.03224297843863062,0.0020244412726296785,100000,20287734,"descriptive development-cohort context only; no hypothesis test, confirmation, or SOTA inference"
cardinal_fbc_micro,tcformer,local_exp4,8,-0.021249999999999977,-0.013333333333333253,-0.05458333333333332,0.01291666666666666,100000,20288730,"descriptive development-cohort context only; no hypothesis test, confirmation, or SOTA inference"
cardinal_fbc_micro,tcformer,bnci2014_001,9,0.02746913580246914,0.002777777777777657,-0.005478395061728425,0.06643711419753046,100000,20288731,"descriptive development-cohort context only; no hypothesis test, confirmation, or SOTA inference"
cardinal_fbc_micro,tcformer,bnci2014_004,9,-0.0038492063492063305,0.0012500000000000844,-0.021597222222222143,0.013482142857142814,100000,20288732,"descriptive development-cohort context only; no hypothesis test, confirmation, or SOTA inference"
cardinal_fbc_micro,tcformer,cho2017,52,0.00496794871794876,0.003500000000000114,-0.005711538461538419,0.01623733974358977,100000,20288733,"descriptive development-cohort context only; no hypothesis test, confirmation, or SOTA inference"
cardinal_fbc_micro,tcformer,physionet_mi,54,-0.008568343894430848,-0.004347826086956552,-0.02617594161072423,0.007709563065088417,100000,20288734,"descriptive development-cohort context only; no hypothesis test, confirmation, or SOTA inference"
cardinal_fbc_micro_extended,tcformer,local_exp4,8,-0.004583333333333342,-0.0016666666666666496,-0.0325,0.028333333333333294,100000,20289730,"descriptive development-cohort context only; no hypothesis test, confirmation, or SOTA inference"
cardinal_fbc_micro_extended,tcformer,bnci2014_001,9,0.027006172839506164,0.002083333333333215,-0.0034722222222222467,0.06265432098765433,100000,20289731,"descriptive development-cohort context only; no hypothesis test, confirmation, or SOTA inference"
cardinal_fbc_micro_extended,tcformer,bnci2014_004,9,-0.01779761904761908,-0.016249999999999876,-0.041617559523809584,0.003462797619047407,100000,20289732,"descriptive development-cohort context only; no hypothesis test, confirmation, or SOTA inference"
cardinal_fbc_micro_extended,tcformer,cho2017,52,0.007692307692307728,0.002000000000000113,-0.0034487179487179254,0.019490464743589755,100000,20289733,"descriptive development-cohort context only; no hypothesis test, confirmation, or SOTA inference"
cardinal_fbc_micro_extended,tcformer,physionet_mi,54,-0.014209860858411584,-0.003754940711462401,-0.033338150962698085,0.003071527908484444,100000,20289734,"descriptive development-cohort context only; no hypothesis test, confirmation, or SOTA inference"
cardinal_fbc_physical,tcformer,local_exp4,8,-0.017083333333333367,-0.016666666666666552,-0.05000000000000002,0.021666666666666598,100000,20290730,"descriptive development-cohort context only; no hypothesis test, confirmation, or SOTA inference"
cardinal_fbc_physical,tcformer,bnci2014_001,9,0.02746913580246915,0.002083333333333215,-0.006404320987654323,0.0675925925925926,100000,20290731,"descriptive development-cohort context only; no hypothesis test, confirmation, or SOTA inference"
cardinal_fbc_physical,tcformer,bnci2014_004,9,-0.004672619047619052,1.1102230246251565e-16,-0.019950396825396816,0.010565476190476122,100000,20290732,"descriptive development-cohort context only; no hypothesis test, confirmation, or SOTA inference"
cardinal_fbc_physical,tcformer,cho2017,52,0.005663461538461563,0.00033333333333335213,-0.005349439102564088,0.017307772435897442,100000,20290733,"descriptive development-cohort context only; no hypothesis test, confirmation, or SOTA inference"
cardinal_fbc_physical,tcformer,physionet_mi,54,-0.014846794375779881,-0.010396668548842525,-0.032111357928839825,0.0010587990411359898,100000,20290734,"descriptive development-cohort context only; no hypothesis test, confirmation, or SOTA inference"
cardinal_fbc_physical_extended,tcformer,local_exp4,8,-0.00416666666666668,-0.0033333333333332993,-0.039166666666666655,0.037499999999999936,100000,20291730,"descriptive development-cohort context only; no hypothesis test, confirmation, or SOTA inference"
cardinal_fbc_physical_extended,tcformer,bnci2014_001,9,0.02399691358024694,0.0,-0.005864197530864164,0.06010802469135804,100000,20291731,"descriptive development-cohort context only; no hypothesis test, confirmation, or SOTA inference"
cardinal_fbc_physical_extended,tcformer,bnci2014_004,9,-0.0038293650793650804,-0.006250000000000089,-0.012222222222222159,0.004990079365079324,100000,20291732,"descriptive development-cohort context only; no hypothesis test, confirmation, or SOTA inference"
cardinal_fbc_physical_extended,tcformer,cho2017,52,0.006413461538461568,0.000500000000000056,-0.0044071314102563704,0.017935897435897453,100000,20291733,"descriptive development-cohort context only; no hypothesis test, confirmation, or SOTA inference"
cardinal_fbc_physical_extended,tcformer,physionet_mi,54,-0.011482361572941278,-0.006422924901185734,-0.02849182277397855,0.00430210707837519,100000,20291734,"descriptive development-cohort context only; no hypothesis test, confirmation, or SOTA inference"
eegtcnet,tcformer,local_exp4,8,-0.20375,-0.17833333333333334,-0.2604166666666667,-0.14916666666666673,100000,20292730,"descriptive development-cohort context only; no hypothesis test, confirmation, or SOTA inference"
eegtcnet,tcformer,bnci2014_001,9,-0.2465277777777778,-0.25625000000000003,-0.3047839506172839,-0.1875,100000,20292731,"descriptive development-cohort context only; no hypothesis test, confirmation, or SOTA inference"
eegtcnet,tcformer,bnci2014_004,9,-0.04867063492063491,-0.06874999999999987,-0.0861111111111111,-0.012757936507936527,100000,20292732,"descriptive development-cohort context only; no hypothesis test, confirmation, or SOTA inference"
eegtcnet,tcformer,cho2017,52,-0.1272628205128205,-0.12399999999999994,-0.1549584134615384,-0.10082692307692306,100000,20292733,"descriptive development-cohort context only; no hypothesis test, confirmation, or SOTA inference"
eegtcnet,tcformer,physionet_mi,54,-0.03334871314943779,-0.013468144174665908,-0.05299438266376674,-0.016161381978863874,100000,20292734,"descriptive development-cohort context only; no hypothesis test, confirmation, or SOTA inference"
fbmsnet,tcformer,local_exp4,8,-0.002500000000000016,-0.0033333333333332993,-0.036250000000000004,0.03749999999999995,100000,20293730,"descriptive development-cohort context only; no hypothesis test, confirmation, or SOTA inference"
fbmsnet,tcformer,bnci2014_001,9,0.01836419753086423,-0.005555555555555536,-0.007330246913580208,0.05246913580246916,100000,20293731,"descriptive development-cohort context only; no hypothesis test, confirmation, or SOTA inference"
fbmsnet,tcformer,bnci2014_004,9,-0.0051984126984127264,-0.0006249999999998757,-0.03222222222222218,0.02108134920634914,100000,20293732,"descriptive development-cohort context only; no hypothesis test, confirmation, or SOTA inference"
fbmsnet,tcformer,cho2017,52,-0.0053493589743589575,-0.011999999999999955,-0.016451923076923045,0.0066346955128205425,100000,20293733,"descriptive development-cohort context only; no hypothesis test, confirmation, or SOTA inference"
fbmsnet,tcformer,physionet_mi,54,-0.0052662581648088925,-0.0022727272727272596,-0.01798975020215962,0.006619148263169986,100000,20293734,"descriptive development-cohort context only; no hypothesis test, confirmation, or SOTA inference"
cardinal_fbms,tcformer,local_exp4,8,-0.01999999999999999,-0.015000000000000013,-0.05333333333333329,0.013749999999999984,100000,20294730,"descriptive development-cohort context only; no hypothesis test, confirmation, or SOTA inference"
cardinal_fbms,tcformer,bnci2014_001,9,0.020293209876543237,-0.002777777777777768,-0.006635802469135816,0.05555555555555561,100000,20294731,"descriptive development-cohort context only; no hypothesis test, confirmation, or SOTA inference"
cardinal_fbms,tcformer,bnci2014_004,9,-0.006726190476190497,-0.0006249999999998757,-0.03416666666666668,0.01945436507936508,100000,20294732,"descriptive development-cohort context only; no hypothesis test, confirmation, or SOTA inference"
cardinal_fbms,tcformer,cho2017,52,-0.005243589743589712,-0.011999999999999955,-0.016326923076923055,0.006794871794871834,100000,20294733,"descriptive development-cohort context only; no hypothesis test, confirmation, or SOTA inference"
cardinal_fbms,tcformer,physionet_mi,54,-0.005356358617228189,-0.0022727272727272596,-0.018144061386815017,0.006718778319774693,100000,20294734,"descriptive development-cohort context only; no hypothesis test, confirmation, or SOTA inference"
cardinal_fbms_extended,tcformer,local_exp4,8,-0.0033333333333333687,-0.0033333333333332993,-0.03791666666666667,0.037916666666666626,100000,20295730,"descriptive development-cohort context only; no hypothesis test, confirmation, or SOTA inference"
cardinal_fbms_extended,tcformer,bnci2014_001,9,0.020061728395061745,-0.003472222222222321,-0.006481481481481471,0.05486111111111115,100000,20295731,"descriptive development-cohort context only; no hypothesis test, confirmation, or SOTA inference"
cardinal_fbms_extended,tcformer,bnci2014_004,9,-0.0039186507936507615,-0.00187499999999996,-0.026458333333333237,0.017450396825396754,100000,20295732,"descriptive development-cohort context only; no hypothesis test, confirmation, or SOTA inference"
cardinal_fbms_extended,tcformer,cho2017,52,-0.005201923076923047,-0.01100000000000001,-0.016221153846153816,0.006586538461538475,100000,20295733,"descriptive development-cohort context only; no hypothesis test, confirmation, or SOTA inference"
cardinal_fbms_extended,tcformer,physionet_mi,54,-0.0051653961980049025,-0.0026679841897233048,-0.018075690915364862,0.00715976840523941,100000,20295734,"descriptive development-cohort context only; no hypothesis test, confirmation, or SOTA inference"
cardinal_mix,tcformer,local_exp4,8,-0.09083333333333335,-0.056666666666666754,-0.16666666666666663,-0.035416666666666735,100000,20296730,"descriptive development-cohort context only; no hypothesis test, confirmation, or SOTA inference"
cardinal_mix,tcformer,bnci2014_001,9,-0.0040895061728394915,-0.029861111111111005,-0.03325617283950615,0.03364197530864199,100000,20296731,"descriptive development-cohort context only; no hypothesis test, confirmation, or SOTA inference"
cardinal_mix,tcformer,bnci2014_004,9,-0.0032341269841269626,-0.006250000000000089,-0.0194841269841269,0.01279761904761905,100000,20296732,"descriptive development-cohort context only; no hypothesis test, confirmation, or SOTA inference"
cardinal_mix,tcformer,cho2017,52,-0.02271474358974355,-0.021999999999999964,-0.03537820512820509,-0.009955128205128174,100000,20296733,"descriptive development-cohort context only; no hypothesis test, confirmation, or SOTA inference"
cardinal_mix,tcformer,physionet_mi,54,0.012503964768457509,0.019345238095238027,-0.0028675536420101825,0.02760521231988622,100000,20296734,"descriptive development-cohort context only; no hypothesis test, confirmation, or SOTA inference"
cardinal_mix_drop,tcformer,local_exp4,8,-0.08041666666666661,-0.04666666666666658,-0.16499999999999992,-0.015833333333333255,100000,20297730,"descriptive development-cohort context only; no hypothesis test, confirmation, or SOTA inference"
cardinal_mix_drop,tcformer,bnci2014_001,9,-0.002932098765432113,-0.023611111111111027,-0.029783950617283957,0.03163580246913579,100000,20297731,"descriptive development-cohort context only; no hypothesis test, confirmation, or SOTA inference"
cardinal_mix_drop,tcformer,bnci2014_004,9,-0.003005952380952384,-0.0006250000000002087,-0.02249999999999999,0.013154761904761836,100000,20297732,"descriptive development-cohort context only; no hypothesis test, confirmation, or SOTA inference"
cardinal_mix_drop,tcformer,cho2017,52,-0.013705128205128179,-0.016999999999999904,-0.026070512820512776,-0.0010961538461538487,100000,20297733,"descriptive development-cohort context only; no hypothesis test, confirmation, or SOTA inference"
cardinal_mix_drop,tcformer,physionet_mi,54,0.01477098451736134,0.01336462450592879,0.0013960211152240238,0.027520466483328777,100000,20297734,"descriptive development-cohort context only; no hypothesis test, confirmation, or SOTA inference"
ctnet,tcformer,local_exp4,8,-0.042916666666666645,-0.004999999999999949,-0.11374999999999998,-0.0004166666666666208,100000,20298730,"descriptive development-cohort context only; no hypothesis test, confirmation, or SOTA inference"
ctnet,tcformer,bnci2014_001,9,-0.06381172839506173,-0.057638888888888906,-0.10933641975308642,-0.021913580246913627,100000,20298731,"descriptive development-cohort context only; no hypothesis test, confirmation, or SOTA inference"
ctnet,tcformer,bnci2014_004,9,0.006527777777777799,-0.001875000000000071,-0.007013888888888838,0.022222222222222206,100000,20298732,"descriptive development-cohort context only; no hypothesis test, confirmation, or SOTA inference"
ctnet,tcformer,cho2017,52,-0.043592948717948686,-0.045999999999999874,-0.05711866987179484,-0.03022756410256406,100000,20298733,"descriptive development-cohort context only; no hypothesis test, confirmation, or SOTA inference"
ctnet,tcformer,physionet_mi,54,-0.025928975747816316,-0.02059806135893094,-0.04003599661208356,-0.012821578666234462,100000,20298734,"descriptive development-cohort context only; no hypothesis test, confirmation, or SOTA inference"
ctnet_compact,tcformer,local_exp4,8,-0.08291666666666667,-0.04833333333333334,-0.15166666666666664,-0.025833333333333347,100000,20299730,"descriptive development-cohort context only; no hypothesis test, confirmation, or SOTA inference"
ctnet_compact,tcformer,bnci2014_001,9,-0.13688271604938268,-0.10416666666666663,-0.1858024691358024,-0.09197530864197526,100000,20299731,"descriptive development-cohort context only; no hypothesis test, confirmation, or SOTA inference"
ctnet_compact,tcformer,bnci2014_004,9,-0.0022619047619047367,-0.001875000000000071,-0.013055555555555562,0.008769841269841285,100000,20299732,"descriptive development-cohort context only; no hypothesis test, confirmation, or SOTA inference"
ctnet_compact,tcformer,cho2017,52,-0.07746474358974356,-0.07250000000000018,-0.09715384615384613,-0.05845192307692308,100000,20299733,"descriptive development-cohort context only; no hypothesis test, confirmation, or SOTA inference"
ctnet_compact,tcformer,physionet_mi,54,-0.030425807418561046,-0.010714285714285787,-0.049311155246390764,-0.013507638278924526,100000,20299734,"descriptive development-cohort context only; no hypothesis test, confirmation, or SOTA inference"
eegsym,tcformer,local_exp4,8,-0.2858333333333334,-0.3366666666666667,-0.3920833333333334,-0.16958333333333336,100000,20300730,"descriptive development-cohort context only; no hypothesis test, confirmation, or SOTA inference"
eegsym,tcformer,bnci2014_001,9,-0.34066358024691357,-0.35972222222222217,-0.4172067901234568,-0.2640432098765432,100000,20300731,"descriptive development-cohort context only; no hypothesis test, confirmation, or SOTA inference"
eegsym,tcformer,bnci2014_004,9,-0.14933531746031742,-0.13187500000000008,-0.24176587301587293,-0.0641170634920635,100000,20300732,"descriptive development-cohort context only; no hypothesis test, confirmation, or SOTA inference"
eegsym,tcformer,cho2017,52,-0.15865705128205126,-0.15899999999999992,-0.19149999999999998,-0.12665705128205126,100000,20300733,"descriptive development-cohort context only; no hypothesis test, confirmation, or SOTA inference"
eegsym,tcformer,physionet_mi,54,-0.053218651316477406,-0.02693511198945986,-0.07777405590584936,-0.03159464076583643,100000,20300734,"descriptive development-cohort context only; no hypothesis test, confirmation, or SOTA inference"
eegsym_wide,tcformer,local_exp4,8,-0.04999999999999996,-0.038333333333333275,-0.09916666666666664,-0.007916666666666627,100000,20301730,"descriptive development-cohort context only; no hypothesis test, confirmation, or SOTA inference"
eegsym_wide,tcformer,bnci2014_001,9,-0.20949074074074073,-0.19861111111111107,-0.26628086419753083,-0.15493827160493823,100000,20301731,"descriptive development-cohort context only; no hypothesis test, confirmation, or SOTA inference"
eegsym_wide,tcformer,bnci2014_004,9,0.0029563492063492155,0.0,-0.006597222222222254,0.014206349206349235,100000,20301732,"descriptive development-cohort context only; no hypothesis test, confirmation, or SOTA inference"
eegsym_wide,tcformer,cho2017,52,-0.08823717948717948,-0.08049999999999996,-0.10810256410256408,-0.06898389423076924,100000,20301733,"descriptive development-cohort context only; no hypothesis test, confirmation, or SOTA inference"
eegsym_wide,tcformer,physionet_mi,54,-0.0410688580072638,-0.02302371541501974,-0.061477201927836,-0.022788439083728924,100000,20301734,"descriptive development-cohort context only; no hypothesis test, confirmation, or SOTA inference"
