model,comparator,datasets,subjects_total,equal_dataset_macro_balanced_accuracy_difference,descriptive_fixed_suite_bootstrap_interval95_low,descriptive_fixed_suite_bootstrap_interval95_high,fixed_suite_bootstrap_resamples,fixed_suite_bootstrap_seed,descriptive_dataset_superpopulation_interval95_low,descriptive_dataset_superpopulation_interval95_high,dataset_superpopulation_bootstrap_resamples,dataset_superpopulation_bootstrap_seed,status
scope,tcformer,5,132,-0.13728735884351828,-0.16019186107069258,-0.1151905059946093,100000,20260729,-0.23007874228395062,-0.05286693368393555,100000,20261229,descriptive model-minus-prespecified-TCFormer context only; intervals describe this opened development suite and are not confirmatory confidence intervals
free_scope,tcformer,5,132,-0.09208206708750187,-0.11358437672633326,-0.07261760402439751,100000,20270729,-0.14842600308641984,-0.0385455044100425,100000,20271229,descriptive model-minus-prespecified-TCFormer context only; intervals describe this opened development suite and are not confirmatory confidence intervals
cardinal,tcformer,5,132,-0.023673524838017605,-0.03766725751972128,-0.010387093407129648,100000,20280729,-0.05626545301182985,0.00665283909897133,100000,20281229,descriptive model-minus-prespecified-TCFormer context only; intervals describe this opened development suite and are not confirmatory confidence intervals
free_cardinal,tcformer,5,132,-0.011930225571529913,-0.023306678831434266,0.00016848250648975407,100000,20290729,-0.03133026344797178,0.01003608026635197,100000,20291229,descriptive model-minus-prespecified-TCFormer context only; intervals describe this opened development suite and are not confirmatory confidence intervals
cardinal_dynamics,tcformer,5,132,-0.0003814960535974868,-0.01207076183411326,0.011238251142979414,100000,20300729,-0.023043213667036114,0.020953414725706408,100000,20301229,descriptive model-minus-prespecified-TCFormer context only; intervals describe this opened development suite and are not confirmatory confidence intervals
cardinal_dynamics_compact,tcformer,5,132,1.721226974852469e-05,-0.010559697504588789,0.010467315227378654,100000,20310729,-0.02260092349310646,0.02062671910014302,100000,20311229,descriptive model-minus-prespecified-TCFormer context only; intervals describe this opened development suite and are not confirmatory confidence intervals
cardinal_dynamics_extended,tcformer,5,132,0.00315062645352503,-0.008621340995625391,0.01581838000197603,100000,20320729,-0.016237759038800672,0.021031505030128222,100000,20321229,descriptive model-minus-prespecified-TCFormer context only; intervals describe this opened development suite and are not confirmatory confidence intervals
cardinal_dynamics_sinc,tcformer,5,132,-0.008999133367973929,-0.019948354771570333,0.0013104344927080515,100000,20330729,-0.03061791893660551,0.008482979782563151,100000,20331229,descriptive model-minus-prespecified-TCFormer context only; intervals describe this opened development suite and are not confirmatory confidence intervals
cardinal_dynamics_sinc_residual,tcformer,5,132,-0.005040587619573111,-0.015713755032876392,0.005433995761015705,100000,20340729,-0.02875550538900174,0.014848101779460478,100000,20341229,descriptive model-minus-prespecified-TCFormer context only; intervals describe this opened development suite and are not confirmatory confidence intervals
cardinal_dynamics_sinc_extended,tcformer,5,132,0.0035104487970430143,-0.00778386538649219,0.015181723027710347,100000,20350729,-0.013098195725369612,0.017414200709381863,100000,20351229,descriptive model-minus-prespecified-TCFormer context only; intervals describe this opened development suite and are not confirmatory confidence intervals
eegnet,tcformer,5,132,-0.09468290759160324,-0.12344597862215614,-0.06778042110667108,100000,20360729,-0.18007694003527336,-0.04156188083554933,100000,20361229,descriptive model-minus-prespecified-TCFormer context only; intervals describe this opened development suite and are not confirmatory confidence intervals
shallow,tcformer,5,132,-0.02261697701117991,-0.03257691444458656,-0.01316894162734742,100000,20370729,-0.05082855709876542,0.0009054806127179332,100000,20371229,descriptive model-minus-prespecified-TCFormer context only; intervals describe this opened development suite and are not confirmatory confidence intervals
deep4,tcformer,5,132,-0.18403822322336813,-0.21811143499381724,-0.15011449317624137,100000,20380729,-0.313131393528975,-0.07581332291098597,100000,20381229,descriptive model-minus-prespecified-TCFormer context only; intervals describe this opened development suite and are not confirmatory confidence intervals
eegconformer,tcformer,5,132,-0.029217305292667594,-0.041374100145694315,-0.01828119215828454,100000,20390729,-0.07217101080246913,0.003944420459773677,100000,20391229,descriptive model-minus-prespecified-TCFormer context only; intervals describe this opened development suite and are not confirmatory confidence intervals
eegconformer_compact,tcformer,5,132,-0.03225292333806824,-0.043367563583424064,-0.020969600495451934,100000,20400729,-0.0700238693019943,0.0015948484194951498,100000,20401229,descriptive model-minus-prespecified-TCFormer context only; intervals describe this opened development suite and are not confirmatory confidence intervals
atcnet,tcformer,5,132,-0.04146047463003984,-0.061055473846470226,-0.024214955458859426,100000,20410729,-0.08303428062678063,-0.005621144506660807,100000,20411229,descriptive model-minus-prespecified-TCFormer context only; intervals describe this opened development suite and are not confirmatory confidence intervals
atcnet_aggressive_pool,tcformer,5,132,-0.04384614419397028,-0.05902802042060193,-0.031078338999969427,100000,20420729,-0.08149450379867045,-0.011215730204779133,100000,20421229,descriptive model-minus-prespecified-TCFormer context only; intervals describe this opened development suite and are not confirmatory confidence intervals
fbcnet,tcformer,5,132,-0.0011115800865800721,-0.01217957756749422,0.010864476232972623,100000,20430729,-0.015583537628166224,0.01610025200108534,100000,20431229,descriptive model-minus-prespecified-TCFormer context only; intervals describe this opened development suite and are not confirmatory confidence intervals
cardinal_fbc,tcformer,5,132,-0.001153447170113834,-0.012005176242504152,0.010257888118993171,100000,20440729,-0.01671072109553087,0.01716124525166191,100000,20441229,descriptive model-minus-prespecified-TCFormer context only; intervals describe this opened development suite and are not confirmatory confidence intervals
cardinal_fbc_extended,tcformer,5,132,-0.0010086964163051112,-0.012152873896768807,0.011080401483245695,100000,20450729,-0.015869027630984137,0.01628779320987655,100000,20451229,descriptive model-minus-prespecified-TCFormer context only; intervals describe this opened development suite and are not confirmatory confidence intervals
cardinal_fbc_corr,tcformer,5,132,-0.0018747437211205325,-0.012750637858183153,0.009600567873484534,100000,20460729,-0.020373019249604444,0.017114725089054834,100000,20461229,descriptive model-minus-prespecified-TCFormer context only; intervals describe this opened development suite and are not confirmatory confidence intervals
cardinal_fbc_corr_extended,tcformer,5,132,-0.00014666549231765765,-0.010473472260093623,0.010794245331627593,100000,20470729,-0.01648910296560655,0.017341453254541984,100000,20471229,descriptive model-minus-prespecified-TCFormer context only; intervals describe this opened development suite and are not confirmatory confidence intervals
cardinal_fbc_compactdyn,tcformer,5,132,0.001479027668520453,-0.009779242038490173,0.012724123048516181,100000,20480729,-0.019846751159803656,0.022612721891970132,100000,20481229,descriptive model-minus-prespecified-TCFormer context only; intervals describe this opened development suite and are not confirmatory confidence intervals
cardinal_fbc_compactdyn_extended,tcformer,5,132,0.004407537202464734,-0.006192614308329894,0.01564181280876931,100000,20490729,-0.01343414149256542,0.024975823874863728,100000,20491229,descriptive model-minus-prespecified-TCFormer context only; intervals describe this opened development suite and are not confirmatory confidence intervals
cardinal_fbc_compactdyn_scale010,tcformer,5,132,-0.0020155463698941956,-0.012644559962983887,0.00941848864366979,100000,20500729,-0.01912613060818675,0.017432548374532033,100000,20501229,descriptive model-minus-prespecified-TCFormer context only; intervals describe this opened development suite and are not confirmatory confidence intervals
cardinal_fbc_compactdyn_scale010_extended,tcformer,5,132,0.0022184455506919234,-0.008606653967677515,0.013905546770057634,100000,20510729,-0.01201457292037001,0.019084686879143355,100000,20511229,descriptive model-minus-prespecified-TCFormer context only; intervals describe this opened development suite and are not confirmatory confidence intervals
cardinal_fbc_compactdyn_scale025,tcformer,5,132,0.0010412129738216716,-0.00942204665604121,0.012087019849447355,100000,20520729,-0.017902796882733475,0.02159555505015651,100000,20521229,descriptive model-minus-prespecified-TCFormer context only; intervals describe this opened development suite and are not confirmatory confidence intervals
cardinal_fbc_compactdyn_scale025_extended,tcformer,5,132,0.00673689804559371,-0.004272597383158972,0.018992515952914492,100000,20530729,-0.010693567228530963,0.02560278726305902,100000,20531229,descriptive model-minus-prespecified-TCFormer context only; intervals describe this opened development suite and are not confirmatory confidence intervals
cardinal_fbc_micro,tcformer,5,132,-0.00024609314464385176,-0.011212588154934151,0.011312426711774539,100000,20540729,-0.017549537320234773,0.019047878413186354,100000,20541229,descriptive model-minus-prespecified-TCFormer context only; intervals describe this opened development suite and are not confirmatory confidence intervals
cardinal_fbc_micro_extended,tcformer,5,132,-0.0003784665415100228,-0.011069556503614452,0.010878490927349617,100000,20550729,-0.01712105655851127,0.018702695105819993,100000,20551229,descriptive model-minus-prespecified-TCFormer context only; intervals describe this opened development suite and are not confirmatory confidence intervals
cardinal_fbc_physical,tcformer,5,132,-0.0006940298831603183,-0.011750507669665268,0.011267248289820758,100000,20560729,-0.017836769674903743,0.01895245797814638,100000,20561229,descriptive model-minus-prespecified-TCFormer context only; intervals describe this opened development suite and are not confirmatory confidence intervals
cardinal_fbc_physical_extended,tcformer,5,132,0.002186396359947094,-0.008329072574969287,0.013801146313764053,100000,20570729,-0.012162595142042593,0.019029575250635016,100000,20571229,descriptive model-minus-prespecified-TCFormer context only; intervals describe this opened development suite and are not confirmatory confidence intervals
eegtcnet,tcformer,5,132,-0.13191198927213418,-0.15088589280586565,-0.11305054985674552,100000,20580729,-0.20861016203703703,-0.05887214039851723,100000,20581229,descriptive model-minus-prespecified-TCFormer context only; intervals describe this opened development suite and are not confirmatory confidence intervals
fbmsnet,tcformer,5,132,1.0033538656727646e-05,-0.011158797532982313,0.011974393502364507,100000,20590729,-0.012832869340804126,0.015382351813511243,100000,20591229,descriptive model-minus-prespecified-TCFormer context only; intervals describe this opened development suite and are not confirmatory confidence intervals
cardinal_fbms,tcformer,5,132,-0.0034065857920930302,-0.014381909859464203,0.008137309547671877,100000,20600729,-0.01890061181605563,0.013355359697669463,100000,20601229,descriptive model-minus-prespecified-TCFormer context only; intervals describe this opened development suite and are not confirmatory confidence intervals
cardinal_fbms_extended,tcformer,5,132,0.0004884849986299328,-0.01034619765734801,0.012313145875528106,100000,20610729,-0.012316956992283065,0.01600815415964871,100000,20611229,descriptive model-minus-prespecified-TCFormer context only; intervals describe this opened development suite and are not confirmatory confidence intervals
cardinal_mix,tcformer,5,132,-0.02167354906231717,-0.038898189139430064,-0.006959386489785043,100000,20620729,-0.06308417438271606,0.006327820518853136,100000,20621229,descriptive model-minus-prespecified-TCFormer context only; intervals describe this opened development suite and are not confirmatory confidence intervals
cardinal_mix_drop,tcformer,5,132,-0.01705777230016359,-0.03554479014142054,-0.0012457082705271169,100000,20630729,-0.05681222756410252,0.008334908718830818,100000,20631229,descriptive model-minus-prespecified-TCFormer context only; intervals describe this opened development suite and are not confirmatory confidence intervals
ctnet,tcformer,5,132,-0.033944508349943114,-0.05135346460906241,-0.019630305418548172,100000,20640729,-0.06130534722222222,-0.008955929333012659,100000,20641229,descriptive model-minus-prespecified-TCFormer context only; intervals describe this opened development suite and are not confirmatory confidence intervals
ctnet_compact,tcformer,5,132,-0.06599036769725174,-0.08363450338141462,-0.05001983923416894,100000,20650729,-0.11156770191228524,-0.024237984246362875,100000,20651229,descriptive model-minus-prespecified-TCFormer context only; intervals describe this opened development suite and are not confirmatory confidence intervals
eegsym,tcformer,5,132,-0.1975415867278186,-0.23083287770100272,-0.16409401458444933,100000,20660729,-0.29567251165031966,-0.10403502457452644,100000,20661229,descriptive model-minus-prespecified-TCFormer context only; intervals describe this opened development suite and are not confirmatory confidence intervals
eegsym_wide,tcformer,5,132,-0.07716808580576695,-0.09309178486368704,-0.0617225455278082,100000,20670729,-0.149153110670194,-0.021257919842838303,100000,20671229,descriptive model-minus-prespecified-TCFormer context only; intervals describe this opened development suite and are not confirmatory confidence intervals
