level,dataset,model,prediction_count_including_seeds,accuracy,balanced_accuracy,chance_normalized_balanced_accuracy,macro_f1,cohen_kappa,ovr_macro_auroc,nll,multiclass_brier,ece
dataset,local_exp4,scope,2400,0.7079166666666666,0.7079166666666667,0.4158333333333335,0.7069617996558578,0.4158333333333334,0.7989215277777777,0.5968686259110382,0.3965146184308418,0.11605253386000791
dataset,local_exp4,free_scope,2400,0.7741666666666667,0.7741666666666667,0.5483333333333333,0.7736559779669545,0.5483333333333333,0.8808881944444444,0.4552828964795499,0.29825463496242405,0.080521411250035
dataset,local_exp4,cardinal,2400,0.8391666666666666,0.8391666666666666,0.6783333333333332,0.8391662199061665,0.6783333333333333,0.9214909722222222,0.35497794099556357,0.22731297305258286,0.02069230131804947
dataset,local_exp4,free_cardinal,2400,0.8854166666666666,0.8854166666666666,0.7708333333333333,0.8854156919043235,0.7708333333333334,0.9579722222222222,0.27561080490411255,0.16810502190686338,0.04376806668937208
dataset,local_exp4,cardinal_dynamics,2400,0.8883333333333333,0.8883333333333334,0.7766666666666668,0.8882270714311036,0.7766666666666666,0.9602515625,0.25916275890217955,0.1621641513464089,0.01582578244308632
dataset,local_exp4,cardinal_dynamics_compact,2400,0.8891666666666667,0.8891666666666667,0.7783333333333333,0.8891573528053399,0.7783333333333333,0.9620618055555556,0.25098857439103145,0.1568548991377033,0.027253572245438895
dataset,local_exp4,cardinal_dynamics_extended,2400,0.90625,0.90625,0.8125,0.9062499837239555,0.8125,0.9728520833333333,0.21474677202656683,0.13136686709069414,0.01972448195020358
dataset,local_exp4,cardinal_dynamics_sinc,2400,0.8720833333333333,0.8720833333333333,0.7441666666666666,0.8720827781370579,0.7441666666666666,0.9503680555555556,0.28580811238593223,0.17842011424823706,0.008693468446532869
dataset,local_exp4,cardinal_dynamics_sinc_residual,2400,0.87125,0.87125,0.7424999999999999,0.8712285157297945,0.7424999999999999,0.9518666666666666,0.28238503185678165,0.17451578022958372,0.012481432408094396
dataset,local_exp4,cardinal_dynamics_sinc_extended,2400,0.91625,0.91625,0.8325,0.9162278789242784,0.8325,0.9739166666666668,0.21406148338364436,0.12907743934196517,0.028688744530081772
dataset,local_exp4,eegnet,2400,0.83625,0.8362499999999999,0.6724999999999999,0.8359238702065964,0.6725,0.94236875,0.2872955986474667,0.18994672283702518,0.018039971068501446
dataset,local_exp4,shallow,2400,0.8766666666666667,0.8766666666666667,0.7533333333333334,0.8766624697645962,0.7533333333333333,0.9531881944444445,0.2764881984713607,0.17466526005037503,0.014507532492279996
dataset,local_exp4,deep4,2400,0.66625,0.66625,0.3325,0.653348735247621,0.3325,0.7740652777777777,0.5534248536034,0.39349881706255513,0.09926771715283395
dataset,local_exp4,eegconformer,2400,0.8895833333333333,0.8895833333333334,0.7791666666666668,0.8894243616560544,0.7791666666666667,0.945670138888889,0.3864276568148638,0.19305216989315557,0.08142635310689608
dataset,local_exp4,eegconformer_compact,2400,0.87375,0.87375,0.7475,0.8736629458736411,0.7475,0.9395722222222223,0.41783729183025026,0.21484492261108726,0.08981577850878232
dataset,local_exp4,atcnet,2400,0.8391666666666666,0.8391666666666666,0.6783333333333332,0.8391611936795071,0.6783333333333333,0.9365784722222222,0.33556822504210954,0.21233489040538905,0.04155396687487757
dataset,local_exp4,atcnet_aggressive_pool,2400,0.8670833333333333,0.8670833333333333,0.7341666666666666,0.8670827564355748,0.7341666666666666,0.9556666666666667,0.2728833168836219,0.1734176518036665,0.02769043597082297
dataset,local_exp4,fbcnet,2400,0.90625,0.90625,0.8125,0.9062343561139281,0.8125,0.9739798611111112,0.23082992687659612,0.13677541812031357,0.04725983959933121
dataset,local_exp4,cardinal_fbc,2400,0.8983333333333333,0.8983333333333333,0.7966666666666666,0.8982926503934907,0.7966666666666666,0.9695270833333334,0.24433289824340776,0.14692171448115612,0.04615276192625363
dataset,local_exp4,cardinal_fbc_extended,2400,0.9066666666666666,0.9066666666666666,0.8133333333333332,0.9066479314251263,0.8133333333333334,0.9742625,0.22994650255913862,0.13615017999000087,0.04708524763584136
dataset,local_exp4,cardinal_fbc_corr,2400,0.88875,0.88875,0.7775000000000001,0.8887175232910854,0.7775,0.9663402777777778,0.248610516801949,0.15175149813462804,0.03972016351918378
dataset,local_exp4,cardinal_fbc_corr_extended,2400,0.9033333333333333,0.9033333333333333,0.8066666666666666,0.9033161450924608,0.8066666666666666,0.9730368055555556,0.22887371320973746,0.13668866366383162,0.03998715281486513
dataset,local_exp4,cardinal_fbc_compactdyn,2400,0.8841666666666667,0.8841666666666667,0.7683333333333333,0.884165379615329,0.7683333333333333,0.9612291666666667,0.2587583663769576,0.16046757963464478,0.02553575530648232
dataset,local_exp4,cardinal_fbc_compactdyn_extended,2400,0.9020833333333333,0.9020833333333333,0.8041666666666667,0.9020727075420509,0.8041666666666667,0.9682208333333334,0.2350936249334519,0.14172261737237354,0.02601928703486919
dataset,local_exp4,cardinal_fbc_compactdyn_scale010,2400,0.8941666666666667,0.8941666666666667,0.7883333333333333,0.8941454222409915,0.7883333333333333,0.9687638888888889,0.24616408957327318,0.14830716175660086,0.05346668447057411
dataset,local_exp4,cardinal_fbc_compactdyn_scale010_extended,2400,0.91,0.9099999999999999,0.8199999999999998,0.9099877483324119,0.8200000000000001,0.9751270833333334,0.22697535259609702,0.13368459915549635,0.04902656505505243
dataset,local_exp4,cardinal_fbc_compactdyn_scale025,2400,0.89625,0.89625,0.7925,0.8962368674785403,0.7925,0.9691930555555555,0.24341653702487623,0.14717614047260952,0.040577031945188836
dataset,local_exp4,cardinal_fbc_compactdyn_scale025_extended,2400,0.9125,0.9125000000000001,0.8250000000000002,0.9124961109382639,0.825,0.9749833333333333,0.22412306025883216,0.13182579985348702,0.04621036469936369
dataset,local_exp4,cardinal_fbc_micro,2400,0.8908333333333334,0.8908333333333334,0.7816666666666667,0.8908114197918888,0.7816666666666667,0.9651944444444445,0.2536202319922368,0.15299588918909465,0.0440685620407264
dataset,local_exp4,cardinal_fbc_micro_extended,2400,0.9075,0.9075,0.815,0.9074874080083122,0.815,0.97245625,0.23075980878399785,0.13704727772423267,0.04970401356617611
dataset,local_exp4,cardinal_fbc_physical,2400,0.895,0.895,0.79,0.8949835911861228,0.79,0.9643791666666666,0.256310711090056,0.1550467968102581,0.042059005076686494
dataset,local_exp4,cardinal_fbc_physical_extended,2400,0.9079166666666667,0.9079166666666667,0.8158333333333334,0.9079013008941248,0.8158333333333333,0.9728152777777779,0.23007113914605243,0.13674510579511395,0.04644409815470377
dataset,local_exp4,eegtcnet,2400,0.7083333333333334,0.7083333333333334,0.41666666666666674,0.7073374677722807,0.41666666666666663,0.8206472222222223,0.4756227864553252,0.32692845406889687,0.020595735237002387
dataset,local_exp4,fbmsnet,2400,0.9095833333333333,0.9095833333333333,0.8191666666666666,0.9095424861122183,0.8191666666666666,0.9749138888888889,0.23029971922530468,0.1356311797513122,0.05138599433004856
dataset,local_exp4,cardinal_fbms,2400,0.8920833333333333,0.8920833333333333,0.7841666666666667,0.892065325482255,0.7841666666666667,0.96256875,0.26110405061948977,0.15919463840994874,0.04022954409321152
dataset,local_exp4,cardinal_fbms_extended,2400,0.90875,0.90875,0.8174999999999999,0.9087119474628227,0.8175,0.9750131944444445,0.22999288372395219,0.1353534553017056,0.051123876298467326
dataset,local_exp4,cardinal_mix,2400,0.82125,0.82125,0.6425000000000001,0.8212075057422502,0.6425000000000001,0.9044930555555555,0.39177678026970936,0.2528984017250708,0.02506575539708137
dataset,local_exp4,cardinal_mix_drop,2400,0.8316666666666667,0.8316666666666667,0.6633333333333333,0.8316647962755142,0.6633333333333333,0.9219333333333333,0.35433357432833085,0.22868358305985675,0.020678255607684458
dataset,local_exp4,ctnet,2400,0.8691666666666666,0.8691666666666666,0.7383333333333333,0.8691372225417385,0.7383333333333333,0.9555145833333332,0.2665622263908701,0.17199717597223826,0.013042932202418669
dataset,local_exp4,ctnet_compact,2400,0.8291666666666667,0.8291666666666666,0.6583333333333332,0.8289571391621403,0.6583333333333333,0.9255229166666665,0.3356389259160279,0.22216804228331724,0.018983498190840137
dataset,local_exp4,eegsym,2400,0.62625,0.62625,0.25249999999999995,0.6232827631390374,0.25249999999999995,0.7090008680555555,0.5595364139778883,0.39526164163398614,0.033926691884795857
dataset,local_exp4,eegsym_wide,2400,0.8620833333333333,0.8620833333333333,0.7241666666666666,0.8620779457530893,0.7241666666666666,0.9535368055555555,0.28179736095465074,0.17989428889373543,0.03307379856705668
dataset,local_exp4,tcformer,2400,0.9120833333333334,0.9120833333333334,0.8241666666666667,0.9120496037456032,0.8241666666666667,0.97665,0.19978555568275486,0.12189204335589343,0.018161909878253918
dataset,bnci2014_001,scope,12960,0.4358796296296296,0.4358796296296297,0.24783950617283956,0.43354256303938193,0.24783950617283945,0.710716806698674,1.3957972477134841,0.7231114068443327,0.19271698516598088
dataset,bnci2014_001,free_scope,12960,0.5520061728395061,0.5520061728395061,0.4026748971193415,0.5511384780468175,0.40267489711934157,0.8114822118071432,1.0915222482978688,0.5836072661441567,0.12854777101979215
dataset,bnci2014_001,cardinal,12960,0.7010030864197531,0.7010030864197531,0.6013374485596708,0.7006123310263509,0.6013374485596708,0.902063840782655,0.7571054373065663,0.4110332535069439,0.016447479135276347
dataset,bnci2014_001,free_cardinal,12960,0.7003086419753086,0.7003086419753086,0.6004115226337449,0.6998459906820873,0.6004115226337449,0.9013573340573084,0.7604248049956316,0.4128334688864315,0.014538286994268845
dataset,bnci2014_001,cardinal_dynamics,12960,0.7007716049382716,0.7007716049382715,0.601028806584362,0.7007444749975695,0.6010288065843621,0.9049390654371792,0.7510373900349081,0.4079352857014359,0.02617035725234469
dataset,bnci2014_001,cardinal_dynamics_compact,12960,0.6983796296296296,0.6983796296296296,0.5978395061728395,0.698168339604229,0.5978395061728394,0.9049907994843267,0.7483957589495958,0.406788772965966,0.02287378033830058
dataset,bnci2014_001,cardinal_dynamics_extended,12960,0.7060956790123457,0.7060956790123456,0.6081275720164608,0.7060657329621288,0.608127572016461,0.9077452782858304,0.7374011056426382,0.3998869772774935,0.018440751572725927
dataset,bnci2014_001,cardinal_dynamics_sinc,12960,0.7042438271604938,0.7042438271604938,0.6056584362139917,0.7038313132440362,0.6056584362139918,0.9101165306038206,0.7302959368472897,0.3968987022777395,0.017339438016032
dataset,bnci2014_001,cardinal_dynamics_sinc_residual,12960,0.7064043209876543,0.7064043209876543,0.6085390946502057,0.7061364712002011,0.6085390946502058,0.9118568688716151,0.7206215965036998,0.3932317534284791,0.01718348802561746
dataset,bnci2014_001,cardinal_dynamics_sinc_extended,12960,0.7101851851851851,0.7101851851851851,0.6135802469135802,0.7099205099778513,0.6135802469135803,0.9123007600149876,0.7229458713096836,0.3931557581784224,0.021890923702790457
dataset,bnci2014_001,eegnet,12960,0.47530864197530864,0.47530864197530864,0.3004115226337449,0.4708281712504449,0.3004115226337448,0.7773534823832748,1.0366362019464364,0.5630458875141716,0.041921602228633406
dataset,bnci2014_001,shallow,12960,0.6543981481481481,0.6543981481481481,0.5391975308641975,0.6541511278742747,0.5391975308641975,0.875204959546309,0.8720166573942402,0.46957278175492323,0.060840312278841055
dataset,bnci2014_001,deep4,12960,0.31265432098765433,0.3126543209876543,0.0835390946502057,0.30483600321507937,0.08353909465020581,0.5959002692678962,1.3543725597595393,0.7347836189210842,0.04506816971863127
dataset,bnci2014_001,eegconformer,12960,0.6180555555555556,0.6180555555555556,0.49074074074074076,0.6178153599117131,0.4907407407407407,0.859519386177158,1.0730874750189643,0.5344453239988747,0.1590001473962157
dataset,bnci2014_001,eegconformer_compact,12960,0.6260030864197531,0.6260030864197531,0.5013374485596708,0.6261945599275859,0.5013374485596708,0.8641109356741858,1.0264033576827962,0.5124748483430062,0.14356715462779926
dataset,bnci2014_001,atcnet,12960,0.6277006172839507,0.6277006172839507,0.5036008230452675,0.6276196260654356,0.5036008230452675,0.8741896362025605,0.8634936556680263,0.4747875492655742,0.07134209472318125
dataset,bnci2014_001,atcnet_aggressive_pool,12960,0.6192129629629629,0.619212962962963,0.492283950617284,0.619069564747812,0.4922839506172839,0.8676299939986283,0.8866005097103197,0.48622860024327846,0.07665754899290611
dataset,bnci2014_001,fbcnet,12960,0.7456018518518519,0.7456018518518519,0.6608024691358025,0.745275799700778,0.6608024691358025,0.9301286484529797,0.6595169485705117,0.35609247292154816,0.06261391576931431
dataset,bnci2014_001,cardinal_fbc,12960,0.7499228395061729,0.7499228395061729,0.6665637860082305,0.7495403397820988,0.6665637860082305,0.9314338158245694,0.655296931189398,0.35286693626932064,0.0656314771944358
dataset,bnci2014_001,cardinal_fbc_extended,12960,0.7462191358024691,0.746219135802469,0.661625514403292,0.7457312087471553,0.6616255144032922,0.9302103893588376,0.6594325556927307,0.35543661526054543,0.06376855738553
dataset,bnci2014_001,cardinal_fbc_corr,12960,0.7489197530864198,0.7489197530864198,0.6652263374485597,0.7482020972324279,0.6652263374485596,0.9305378530965807,0.6558582720714001,0.3535478304645455,0.05962907769889743
dataset,bnci2014_001,cardinal_fbc_corr_extended,12960,0.7479938271604938,0.7479938271604938,0.6639917695473251,0.747183514641239,0.6639917695473251,0.9305228020372911,0.656730590429674,0.3542807945733522,0.059036833671048124
dataset,bnci2014_001,cardinal_fbc_compactdyn,12960,0.7535493827160494,0.7535493827160493,0.6713991769547324,0.7533351514412455,0.6713991769547325,0.9347245362432048,0.6360758201911205,0.34285284144697087,0.05175623926161616
dataset,bnci2014_001,cardinal_fbc_compactdyn_extended,12960,0.7573302469135802,0.7573302469135802,0.6764403292181069,0.7570902759333759,0.6764403292181069,0.9349849926014835,0.6357502313434409,0.3424484031122062,0.05355378966548563
dataset,bnci2014_001,cardinal_fbc_compactdyn_scale010,12960,0.7510802469135802,0.7510802469135802,0.6681069958847736,0.7505580943897552,0.6681069958847736,0.9320472020588835,0.6522276596376354,0.35116753329330236,0.06611670988301437
dataset,bnci2014_001,cardinal_fbc_compactdyn_scale010_extended,12960,0.748070987654321,0.748070987654321,0.6640946502057613,0.7476335595904291,0.6640946502057613,0.930933106138546,0.6569840028750747,0.3543476203763519,0.06319812659956053
dataset,bnci2014_001,cardinal_fbc_compactdyn_scale025,12960,0.7548611111111111,0.7548611111111111,0.6731481481481482,0.7544328344193802,0.6731481481481482,0.9340629008852817,0.644121921585858,0.34637384579071295,0.06760597988319249
dataset,bnci2014_001,cardinal_fbc_compactdyn_scale025_extended,12960,0.7546296296296297,0.7546296296296297,0.6728395061728395,0.7540043710580637,0.6728395061728395,0.9340365893156531,0.6447913124793303,0.34730391315530806,0.06785124328079416
dataset,bnci2014_001,cardinal_fbc_micro,12960,0.7513117283950618,0.7513117283950617,0.6684156378600822,0.750811589140932,0.6684156378600823,0.9335269053561448,0.6448772165021756,0.34855446164717524,0.06095605181921043
dataset,bnci2014_001,cardinal_fbc_micro_extended,12960,0.7508487654320988,0.7508487654320988,0.6677983539094651,0.7505094540174575,0.667798353909465,0.9339835255995022,0.6435811181448495,0.3478865760795775,0.06055657401634953
dataset,bnci2014_001,cardinal_fbc_physical,12960,0.7513117283950618,0.7513117283950618,0.6684156378600824,0.7507445853275412,0.6684156378600823,0.9331215190456231,0.6464568088677395,0.3491143193056082,0.0610364653101122
dataset,bnci2014_001,cardinal_fbc_physical_extended,12960,0.7478395061728395,0.7478395061728396,0.6637860082304528,0.7472457622166981,0.6637860082304528,0.9332156000736677,0.646215329816559,0.3490706355453408,0.05555012051338033
dataset,bnci2014_001,eegtcnet,12960,0.4773148148148148,0.4773148148148148,0.3030864197530864,0.47116656597351547,0.30308641975308637,0.790343638069654,1.057263289103276,0.593696053565431,0.01903453733266135
dataset,bnci2014_001,fbmsnet,12960,0.7422067901234568,0.7422067901234568,0.6562757201646091,0.74202620953612,0.656275720164609,0.9281032450274349,0.667392423756678,0.360401476960497,0.060490466649701584
dataset,bnci2014_001,cardinal_fbms,12960,0.7441358024691358,0.7441358024691358,0.6588477366255144,0.7439082416432599,0.6588477366255143,0.9286330843875426,0.665299145719873,0.35937200197641467,0.06246043415855108
dataset,bnci2014_001,cardinal_fbms_extended,12960,0.7439043209876544,0.7439043209876544,0.6585390946502058,0.7436756849518621,0.6585390946502058,0.9286304766486307,0.6653316423280184,0.35934666057619885,0.06281331482078928
dataset,bnci2014_001,cardinal_mix,12960,0.7197530864197531,0.7197530864197531,0.6263374485596708,0.7195966830690117,0.6263374485596708,0.9112136821749733,0.7237175609244304,0.3896995797695451,0.02486001247379147
dataset,bnci2014_001,cardinal_mix_drop,12960,0.7209104938271605,0.7209104938271604,0.6278806584362139,0.7204476728622371,0.627880658436214,0.9158996262637809,0.7039768228582204,0.3817055453972964,0.013211354323559367
dataset,bnci2014_001,ctnet,12960,0.6600308641975309,0.6600308641975309,0.5467078189300412,0.6597567658936695,0.5467078189300412,0.8895894101191383,0.8010514827892707,0.4409607158955004,0.023281648127293126
dataset,bnci2014_001,ctnet_compact,12960,0.5869598765432099,0.5869598765432099,0.44927983539094657,0.5854373379140176,0.4492798353909465,0.8570070936849058,0.8928117711514308,0.499935168157267,0.02170098187792817
dataset,bnci2014_001,eegsym,12960,0.383179012345679,0.38317901234567897,0.17757201646090529,0.3737222266295352,0.17757201646090537,0.6875930966760656,1.2444030732925881,0.6796085716819537,0.05588663859913748
dataset,bnci2014_001,eegsym_wide,12960,0.5143518518518518,0.5143518518518517,0.35246913580246897,0.5118597071556554,0.3524691358024692,0.8027425236879542,1.107955470518388,0.5882491306696415,0.11839814711316138
dataset,bnci2014_001,tcformer,12960,0.7238425925925925,0.7238425925925926,0.6317901234567902,0.7237268999616233,0.6317901234567902,0.9200703494131992,0.6933632090613291,0.37122305735575695,0.031306956954484384
dataset,bnci2014_004,scope,14200,0.7464084507042253,0.7464084507042253,0.4928169014084507,0.7462407901669807,0.4928169014084507,0.8430012745487007,0.5712192206314265,0.35860370335227737,0.11692988399048931
dataset,bnci2014_004,free_scope,14200,0.7414084507042253,0.7414084507042253,0.4828169014084507,0.740649816690536,0.4828169014084507,0.8385228228526086,0.597163571102286,0.370228300359689,0.12543228699287903
dataset,bnci2014_004,cardinal,14200,0.7493661971830986,0.7493661971830986,0.4987323943661972,0.7493421793307222,0.4987323943661972,0.8419875223170006,0.5496746322205126,0.35368812832070545,0.10420539701908407
dataset,bnci2014_004,free_cardinal,14200,0.7635211267605634,0.7635211267605634,0.5270422535211268,0.7629450658712404,0.5270422535211268,0.8555693116445149,0.5061248289314781,0.32849586685890503,0.08259275260525686
dataset,bnci2014_004,cardinal_dynamics,14200,0.7852112676056338,0.7852112676056338,0.5704225352112675,0.7846389823352051,0.5704225352112676,0.8864329448522118,0.4217263609006888,0.27502251410936157,0.02149230776538314
dataset,bnci2014_004,cardinal_dynamics_compact,14200,0.7911971830985915,0.7911971830985915,0.5823943661971831,0.7909533177651821,0.5823943661971831,0.8895816653441777,0.41523168081382195,0.2699771352675,0.017379981971962347
dataset,bnci2014_004,cardinal_dynamics_extended,14200,0.7845070422535211,0.7845070422535212,0.5690140845070424,0.7842109519407814,0.5690140845070423,0.8865957895258877,0.42439158437996655,0.27430918861864706,0.021250000692589165
dataset,bnci2014_004,cardinal_dynamics_sinc,14200,0.7912676056338028,0.7912676056338028,0.5825352112676057,0.7910084909876359,0.5825352112676057,0.8952931214044832,0.4017044279569523,0.2628820036278367,0.018108353984187992
dataset,bnci2014_004,cardinal_dynamics_sinc_residual,14200,0.7927464788732395,0.7927464788732395,0.5854929577464789,0.7924840222067213,0.5854929577464789,0.8958168468557826,0.40123584903283566,0.2625289266637205,0.01584057961970987
dataset,bnci2014_004,cardinal_dynamics_sinc_extended,14200,0.7933802816901409,0.7933802816901409,0.5867605633802817,0.7930876696465271,0.5867605633802817,0.8952348541955961,0.4016440908376157,0.2633884496327596,0.018304661655090256
dataset,bnci2014_004,eegnet,14200,0.7311971830985915,0.7311971830985915,0.462394366197183,0.7310075797277282,0.4623943661971831,0.8490280847054157,0.45212589568985456,0.30328317865824916,0.012125456832664088
dataset,bnci2014_004,shallow,14200,0.7769014084507042,0.7769014084507042,0.5538028169014084,0.7765311576834135,0.5538028169014084,0.8726770382860543,0.46355847987898596,0.30102081820626886,0.05544374461744875
dataset,bnci2014_004,deep4,14200,0.703169014084507,0.703169014084507,0.4063380281690141,0.6988166897068318,0.4063380281690141,0.8149908797857568,0.5144163439840924,0.35577582211481723,0.04652632886675045
dataset,bnci2014_004,eegconformer,14200,0.7852112676056338,0.7852112676056338,0.5704225352112675,0.7852106540435267,0.5704225352112676,0.8865276730807381,0.43273324948343567,0.2784018565635339,0.04989179795896504
dataset,bnci2014_004,eegconformer_compact,14200,0.7801408450704226,0.7801408450704226,0.5602816901408452,0.7794582418604697,0.5602816901408451,0.8805464441579052,0.46008787849611205,0.2940990448738411,0.06487162364200805
dataset,bnci2014_004,atcnet,14200,0.7848591549295775,0.7848591549295775,0.569718309859155,0.7842937561726651,0.569718309859155,0.8927519936520532,0.40586717094994257,0.26791632948923505,0.03203225381357568
dataset,bnci2014_004,atcnet_aggressive_pool,14200,0.7834507042253521,0.783450704225352,0.566901408450704,0.7830900758784346,0.5669014084507042,0.8918167625471136,0.41860213007159075,0.26889822929797064,0.03920227797098563
dataset,bnci2014_004,fbcnet,14200,0.7713380281690141,0.7713380281690141,0.5426760563380282,0.7709276872225375,0.5426760563380282,0.8694139158897044,0.46111457184036686,0.3031188809704479,0.047997067234885504
dataset,bnci2014_004,cardinal_fbc,14200,0.7750704225352113,0.7750704225352112,0.5501408450704224,0.7746708062835261,0.5501408450704226,0.8786510315413609,0.4352492758454697,0.29044908822827126,0.0395406236447079
dataset,bnci2014_004,cardinal_fbc_extended,14200,0.7702112676056339,0.7702112676056339,0.5404225352112677,0.7695939739365696,0.5404225352112676,0.8710925758778021,0.4589421108477061,0.3044379463410826,0.04864357180578611
dataset,bnci2014_004,cardinal_fbc_corr,14200,0.7674647887323943,0.7674647887323944,0.5349295774647889,0.7674640091532939,0.5349295774647888,0.8555416038484427,0.4950408611514837,0.32176175734688794,0.06718486359841389
dataset,bnci2014_004,cardinal_fbc_corr_extended,14200,0.7624647887323943,0.7624647887323943,0.5249295774647886,0.7620719443084043,0.5249295774647887,0.858442650267804,0.48264413832697717,0.318154425697119,0.060827526017813605
dataset,bnci2014_004,cardinal_fbc_compactdyn,14200,0.7854225352112676,0.7854225352112676,0.5708450704225352,0.7847781408559852,0.5708450704225352,0.8689050585201349,0.482709603088869,0.30172403690557154,0.05446693778457776
dataset,bnci2014_004,cardinal_fbc_compactdyn_extended,14200,0.7795070422535211,0.7795070422535211,0.5590140845070422,0.7791817668334344,0.5590140845070423,0.8615870660583218,0.5020947933340618,0.3146785818815677,0.06696251661005154
dataset,bnci2014_004,cardinal_fbc_compactdyn_scale010,14200,0.7704929577464789,0.7704929577464789,0.5409859154929577,0.7700474846195176,0.5409859154929577,0.8724667327911129,0.44930973301864113,0.29983715868220523,0.04605159094635873
dataset,bnci2014_004,cardinal_fbc_compactdyn_scale010_extended,14200,0.7767605633802817,0.7767605633802817,0.5535211267605633,0.7763639498806443,0.5535211267605633,0.8785638018250348,0.4361165125232307,0.28977746139240695,0.03412638979478621
dataset,bnci2014_004,cardinal_fbc_compactdyn_scale025,14200,0.7745070422535211,0.7745070422535212,0.5490140845070424,0.773879610879814,0.5490140845070423,0.8641128595516763,0.4785346019149331,0.31048770165315237,0.05935660879796657
dataset,bnci2014_004,cardinal_fbc_compactdyn_scale025_extended,14200,0.7828169014084507,0.7828169014084507,0.5656338028169015,0.7827945647098484,0.5656338028169015,0.8744696141638564,0.44584430605586417,0.29462638365616123,0.040433944169904174
dataset,bnci2014_004,cardinal_fbc_micro,14200,0.7795070422535211,0.7795070422535211,0.5590140845070422,0.7791982866897109,0.5590140845070423,0.8685426651458044,0.4699637124959399,0.3003215652138767,0.04574011458057753
dataset,bnci2014_004,cardinal_fbc_micro_extended,14200,0.765281690140845,0.765281690140845,0.53056338028169,0.7644236320777418,0.5305633802816901,0.8606543939694504,0.4957732616865366,0.3205079008901554,0.0695709052220197
dataset,bnci2014_004,cardinal_fbc_physical,14200,0.778661971830986,0.778661971830986,0.5573239436619719,0.7784923048898926,0.5573239436619719,0.8675969946439199,0.4746838855294707,0.302901685111068,0.05320358460218133
dataset,bnci2014_004,cardinal_fbc_physical_extended,14200,0.7797183098591549,0.7797183098591549,0.5594366197183098,0.7796455679804952,0.5594366197183098,0.8666551031541361,0.4785134807087181,0.3079647016245463,0.0640078478212088
dataset,bnci2014_004,eegtcnet,14200,0.7343661971830986,0.7343661971830986,0.4687323943661972,0.7343411068837508,0.4687323943661972,0.8474313677841698,0.4587987746246259,0.3110676500714685,0.021675498389022444
dataset,bnci2014_004,fbmsnet,14200,0.7780985915492957,0.7780985915492957,0.5561971830985915,0.7772873881419036,0.5561971830985916,0.868920100178536,0.4842037906484383,0.2966152687518035,0.04543045381005381
dataset,bnci2014_004,cardinal_fbms,14200,0.7765492957746479,0.7765492957746478,0.5530985915492956,0.7759555613455473,0.5530985915492957,0.8679435627851617,0.48484052051969423,0.29728635905424017,0.04612876957990754
dataset,bnci2014_004,cardinal_fbms_extended,14200,0.7794366197183099,0.7794366197183098,0.5588732394366196,0.7785978785612171,0.5588732394366197,0.8719775193414006,0.4791656479917104,0.2930155339804441,0.043540856032304356
dataset,bnci2014_004,cardinal_mix,14200,0.7801408450704226,0.7801408450704226,0.5602816901408452,0.7796619627912194,0.5602816901408451,0.8651765721087086,0.4868276445269059,0.307989880256591,0.05953585028228624
dataset,bnci2014_004,cardinal_mix_drop,14200,0.7804225352112676,0.7804225352112676,0.5608450704225352,0.7800902232264332,0.5608450704225352,0.8730229517952788,0.4658015489368643,0.30309516147033333,0.06265927059129929
dataset,bnci2014_004,ctnet,14200,0.7897183098591549,0.7897183098591549,0.5794366197183098,0.7885973895587735,0.5794366197183098,0.8946888216623686,0.4093126270765063,0.2673217749109143,0.025053047147435222
dataset,bnci2014_004,ctnet_compact,14200,0.7811971830985915,0.7811971830985915,0.5623943661971831,0.780933128426557,0.5623943661971831,0.8889662170204325,0.41272614742339825,0.2716643011800559,0.02343168857231944
dataset,bnci2014_004,eegsym,14200,0.6323239436619719,0.6323239436619719,0.26464788732394373,0.6323081721552319,0.2646478873239436,0.7200549494147986,0.5747878326730661,0.40526510033444946,0.017623001223718595
dataset,bnci2014_004,eegsym_wide,14200,0.7866901408450704,0.7866901408450704,0.5733802816901408,0.7866696996888896,0.5733802816901408,0.8970876314223367,0.3932141064369715,0.2584259439807015,0.015767869848600537
dataset,bnci2014_004,tcformer,14200,0.7838732394366197,0.7838732394366197,0.5677464788732394,0.7831936767682974,0.5677464788732394,0.8923445744891887,0.4117265003472682,0.2680117439161378,0.033735288604044594
dataset,cho2017,scope,52600,0.5688783269961977,0.5688783269961977,0.13775665399239534,0.5677837723146039,0.13775665399239545,0.6065820598823173,0.848088837273879,0.574140021080894,0.1965267385808687
dataset,cho2017,free_scope,52600,0.5972813688212928,0.5972813688212928,0.19456273764258558,0.5955322733725031,0.19456273764258558,0.6523898773294395,0.7808320534305168,0.5298991612760929,0.17088455634765295
dataset,cho2017,cardinal,52600,0.678403041825095,0.678403041825095,0.35680608365019006,0.6783046296167747,0.35680608365019006,0.7506501662594516,0.6075122721262474,0.41603402080118423,0.07135133413987473
dataset,cho2017,free_cardinal,52600,0.6777186311787072,0.6777186311787072,0.35543726235741446,0.6776558628728397,0.35543726235741446,0.7500224602061618,0.6082634857964355,0.41661734286292207,0.0720215448544506
dataset,cho2017,cardinal_dynamics,52600,0.7045057034220532,0.7045057034220532,0.4090114068441064,0.7045050701942204,0.4090114068441064,0.7933958015874164,0.5436599754460986,0.37118447442093794,0.04194121512283391
dataset,cho2017,cardinal_dynamics_compact,52600,0.7028897338403042,0.7028897338403042,0.40577946768060835,0.7028881874791814,0.40577946768060835,0.794632320114502,0.54044838804957,0.3692219917753253,0.0403560117011741
dataset,cho2017,cardinal_dynamics_extended,52600,0.702148288973384,0.7021482889733841,0.4042965779467682,0.7019975526800311,0.4042965779467681,0.7935364238314853,0.5419421869926552,0.37066687205172655,0.042726145264313696
dataset,cho2017,cardinal_dynamics_sinc,52600,0.688745247148289,0.688745247148289,0.377490494296578,0.6886932194135584,0.377490494296578,0.7799649951567899,0.553221420605525,0.37946374952063183,0.04057771920591254
dataset,cho2017,cardinal_dynamics_sinc_residual,52600,0.695532319391635,0.695532319391635,0.3910646387832699,0.6955291015362584,0.3910646387832699,0.785995245341121,0.5472517643407856,0.37450376221452286,0.03356311089978927
dataset,cho2017,cardinal_dynamics_sinc_extended,52600,0.6924524714828897,0.6924524714828897,0.3849049429657794,0.6924415810584419,0.3849049429657795,0.7831948018621058,0.5510190618862755,0.37739736950964675,0.03771709625711914
dataset,cho2017,eegnet,52600,0.6325475285171103,0.6325475285171103,0.26509505703422054,0.632541671517484,0.26509505703422054,0.7209753795052698,0.5862364308379671,0.40761767859142806,0.018127413475921405
dataset,cho2017,shallow,52600,0.681596958174905,0.681596958174905,0.3631939163498099,0.6815684149305239,0.3631939163498099,0.7537499927713281,0.6481995132078048,0.4285649402445367,0.1068602631991807
dataset,cho2017,deep4,52600,0.554296577946768,0.5542965779467681,0.10859315589353624,0.5542953304453726,0.10859315589353613,0.5966337644031285,0.6962284849033378,0.5007610340059678,0.10407244823164813
dataset,cho2017,eegconformer,52600,0.6591825095057035,0.6591825095057033,0.3183650190114067,0.6584493564008931,0.3183650190114068,0.7429624044008154,0.7283655267728045,0.4525499496230638,0.1292049753291979
dataset,cho2017,eegconformer_compact,52600,0.6545817490494297,0.6545817490494297,0.30916349809885935,0.6538165347707705,0.30916349809885935,0.7382997227804362,0.7343975578946847,0.45820449878682384,0.1362472728030763
dataset,cho2017,atcnet,52600,0.6517680608365019,0.651768060836502,0.3035361216730039,0.6517638457688527,0.3035361216730038,0.7421762151397302,0.5812366325115248,0.40311987283032524,0.05032827935744601
dataset,cho2017,atcnet_aggressive_pool,52600,0.6345057034220533,0.6345057034220533,0.2690114068441065,0.6342288977627968,0.2690114068441065,0.7176026760543017,0.5973040360901886,0.41594315814385496,0.04166630794226899
dataset,cho2017,fbcnet,52600,0.6956844106463879,0.6956844106463878,0.3913688212927755,0.6956145280431782,0.3913688212927756,0.7561962938599662,0.636439203911984,0.41348708415802765,0.06500396422560223
dataset,cho2017,cardinal_fbc,52600,0.695171102661597,0.695171102661597,0.39034220532319397,0.6951292902094672,0.39034220532319397,0.7570905214040973,0.6343955350282993,0.4124104853584705,0.06479898902059962
dataset,cho2017,cardinal_fbc_extended,52600,0.6963498098859315,0.6963498098859315,0.3926996197718631,0.696303147816706,0.3926996197718631,0.7579920199077621,0.6319555494220583,0.41131841406383834,0.0631211854874408
dataset,cho2017,cardinal_fbc_corr,52600,0.7013878326996198,0.7013878326996197,0.40277566539923937,0.7013666503432763,0.4027756653992396,0.7664344489583484,0.6177934384143485,0.40262890437807836,0.058385454074058235
dataset,cho2017,cardinal_fbc_corr_extended,52600,0.700171102661597,0.7001711026615969,0.40034220532319376,0.7001043085694272,0.40034220532319387,0.7667085627231853,0.6189563168614952,0.4025255260070729,0.06016868722189518
dataset,cho2017,cardinal_fbc_compactdyn,52600,0.71106463878327,0.71106463878327,0.42212927756653995,0.7108363307953134,0.42212927756653995,0.7741971685292545,0.6306365422634144,0.40008940234585666,0.07222136773650635
dataset,cho2017,cardinal_fbc_compactdyn_extended,52600,0.711425855513308,0.711425855513308,0.4228517110266159,0.7112342302286991,0.422851711026616,0.7735322521649872,0.631838111893407,0.4014168124778707,0.07398220234270785
dataset,cho2017,cardinal_fbc_compactdyn_scale010,52600,0.699296577946768,0.6992965779467681,0.3985931558935363,0.6992606398997625,0.39859315589353617,0.761629708756813,0.6288674554286835,0.4077928086098109,0.06133836789276212
dataset,cho2017,cardinal_fbc_compactdyn_scale010_extended,52600,0.6996958174904943,0.6996958174904944,0.39939163498098873,0.6996398520779188,0.3993916349809886,0.7620630585956136,0.6286466534934348,0.40738434574748056,0.061117861726438155
dataset,cho2017,cardinal_fbc_compactdyn_scale025,52600,0.709638783269962,0.709638783269962,0.419277566539924,0.7095767088551682,0.419277566539924,0.7768696840347555,0.6053239163413195,0.3922111584239125,0.052234328837902355
dataset,cho2017,cardinal_fbc_compactdyn_scale025_extended,52600,0.7121673003802281,0.7121673003802281,0.42433460076045626,0.7120931752678575,0.42433460076045626,0.7787256075698651,0.6032601918416043,0.39043650558028936,0.05196679865905993
dataset,cho2017,cardinal_fbc_micro,52600,0.6993726235741445,0.6993726235741444,0.39874524714828885,0.6993462123196656,0.39874524714828896,0.7629804569243448,0.6251931727063585,0.40720239945429854,0.06473241287832475
dataset,cho2017,cardinal_fbc_micro_extended,52600,0.7021102661596959,0.7021102661596959,0.4042205323193917,0.7020517731062854,0.4042205323193916,0.7640899004611893,0.6294830908415509,0.40604580437184323,0.06246682518108717
dataset,cho2017,cardinal_fbc_physical,52600,0.700171102661597,0.7001711026615969,0.40034220532319376,0.7001449748625412,0.40034220532319387,0.7626426607295176,0.6289045336399149,0.40772494992793756,0.06529765012373037
dataset,cho2017,cardinal_fbc_physical_extended,52600,0.7007984790874525,0.7007984790874524,0.4015969581749048,0.7007360035260148,0.4015969581749049,0.76288346152178,0.6299609065079385,0.4078274906763109,0.06547819986769454
dataset,cho2017,eegtcnet,52600,0.5668060836501901,0.5668060836501901,0.13361216730038028,0.5639755963330486,0.13361216730038028,0.6111121879020949,0.6511659974943227,0.4651749779669056,0.02369593145502836
dataset,cho2017,fbmsnet,52600,0.6888403041825095,0.6888403041825095,0.37768060836501904,0.6888295656781798,0.37768060836501904,0.7546791792566034,0.6344471500989187,0.4128051981097304,0.06380107625469056
dataset,cho2017,cardinal_fbms,52600,0.6889543726235742,0.6889543726235741,0.3779087452471481,0.6889409909791422,0.37790874524714824,0.7548669967760124,0.633634449508112,0.4126004209432607,0.06368025101636299
dataset,cho2017,cardinal_fbms_extended,52600,0.6889923954372623,0.6889923954372623,0.37798479087452463,0.688980375234044,0.37798479087452475,0.7545793765993436,0.6344125346181537,0.41283229781985237,0.06382882870195483
dataset,cho2017,cardinal_mix,52600,0.6713498098859315,0.6713498098859316,0.34269961977186325,0.6712609077739736,0.34269961977186314,0.7424336400699736,0.6220499216775586,0.42468095800994277,0.07966038292465104
dataset,cho2017,cardinal_mix_drop,52600,0.680361216730038,0.680361216730038,0.36072243346007604,0.6803205861924467,0.36072243346007604,0.7576835453743729,0.5995778235884636,0.41040425743510983,0.07392078096082454
dataset,cho2017,ctnet,52600,0.6507414448669202,0.6507414448669202,0.3014828897338404,0.6479172184774031,0.3014828897338403,0.7346860414347468,0.5959417063067783,0.4177817927346932,0.07485857329327796
dataset,cho2017,ctnet_compact,52600,0.6162357414448669,0.6162357414448669,0.23247148288973385,0.616235616610062,0.23247148288973385,0.6841432990212379,0.6133915953092887,0.4341537310050413,0.026177304046008952
dataset,cho2017,eegsym,52600,0.535703422053232,0.535703422053232,0.07140684410646392,0.5209725834686993,0.07140684410646392,0.5655198351139962,0.6683087871609863,0.4798931115739796,0.010160297238101555
dataset,cho2017,eegsym_wide,52600,0.6055703422053232,0.6055703422053231,0.21114068441064626,0.603620691560262,0.21114068441064637,0.6785348942445315,0.6185252471861895,0.4349611578859361,0.05061667112909795
dataset,cho2017,tcformer,52600,0.694296577946768,0.694296577946768,0.38859315589353605,0.6940950744817921,0.38859315589353616,0.7944695763275456,0.5468093959852076,0.3714214304632918,0.05719985722475633
dataset,physionet_mi,scope,12150,0.5233744855967079,0.5235483012111124,0.0470966024222248,0.5233008571379267,0.047075859563899036,0.5335797628991905,0.9428775458638173,0.6367157224310387,0.2322635161631392
dataset,physionet_mi,free_scope,12150,0.5440329218106996,0.5443282584085832,0.08865651681716646,0.5437584645069828,0.08859630344702085,0.5687108227800507,0.9006633841355121,0.6108815006007718,0.2223438351733204
dataset,physionet_mi,cardinal,12150,0.5846090534979423,0.5843400870277444,0.16868017405548885,0.5841560865238641,0.1687572768076271,0.6229851817075079,0.738457499464265,0.5188566397000187,0.13406923534938822
dataset,physionet_mi,free_cardinal,12150,0.5841975308641976,0.5839244594300719,0.16784891886014375,0.5837327248043208,0.16792700745956368,0.6221494958609994,0.7401554400578989,0.5199493544483221,0.13427134271511817
dataset,physionet_mi,cardinal_dynamics,12150,0.5895473251028807,0.5897324740308967,0.17946494806179336,0.5894787790643374,0.17938415670455954,0.6432265708995645,0.685558903013463,0.48390082898796355,0.09604658755255334
dataset,physionet_mi,cardinal_dynamics_compact,12150,0.5881481481481482,0.5883193401988103,0.17663868039762054,0.5880934588683555,0.17656403953396238,0.6410189413724586,0.6791193647724328,0.48033703998283117,0.08720778964674523
dataset,physionet_mi,cardinal_dynamics_extended,12150,0.5874074074074074,0.5865777691061669,0.17315553821233376,0.5840536296182195,0.17342934415090305,0.6392338428582172,0.68014626019815,0.4820267988463597,0.0919678493487982
dataset,physionet_mi,cardinal_dynamics_sinc,12150,0.5693827160493827,0.5690968178575566,0.13819363571511323,0.5688675387141471,0.13826107644163022,0.6199824670868334,0.6837229923208104,0.48340835541314575,0.08057176613513334
dataset,physionet_mi,cardinal_dynamics_sinc_residual,12150,0.5792592592592593,0.5795011249382656,0.1590022498765311,0.5791110468164251,0.1589123336855538,0.6299293263716558,0.6770497845516537,0.4780006606782041,0.07240747762315067
dataset,physionet_mi,cardinal_dynamics_sinc_extended,12150,0.5753086419753086,0.5759533521534388,0.15190670430687758,0.5737952799516601,0.15169853108023468,0.6263671234844159,0.680821345888864,0.48159985758758106,0.07829109761940602
dataset,physionet_mi,eegnet,12150,0.5241975308641975,0.5244234564363338,0.048846912872667625,0.5240484962776029,0.048820321148904555,0.5467560316811882,0.6841816546958914,0.491446160675022,0.012887020209198595
dataset,physionet_mi,shallow,12150,0.5672427983539094,0.5669323024955948,0.13386460499118957,0.5666483516483516,0.13393646939684356,0.5926752122681614,0.9306040163138692,0.5943282636761101,0.20752504288414378
dataset,physionet_mi,deep4,12150,0.5153086419753087,0.5149353592384158,0.029870718476831648,0.5144157735574877,0.02989020679421972,0.5268509587211001,0.7522731189618839,0.5321809189209734,0.08564789271649016
dataset,physionet_mi,eegconformer,12150,0.5721810699588478,0.572586463750973,0.145172927501946,0.5716445465742797,0.14504322117014945,0.6210636069429794,0.9298380291384838,0.5384741118273904,0.14941609871730882
dataset,physionet_mi,eegconformer_compact,12150,0.5753086419753086,0.5751826627400529,0.15036532548010584,0.5751642428562689,0.15039075601725227,0.6247696908232001,0.8854219046497086,0.5309732860073285,0.14188700620039008
dataset,physionet_mi,atcnet,12150,0.5591769547325103,0.5594786464970418,0.11895729299408364,0.5589008137486047,0.11887534115867415,0.5984709917680668,0.6966123065196863,0.48823419140291774,0.05386974289584062
dataset,physionet_mi,atcnet_aggressive_pool,12150,0.5477366255144033,0.5479355807709739,0.09587116154194786,0.5476384418589009,0.09582457621506402,0.5798924381521069,0.6994904542670016,0.49574272017822063,0.05845610394399352
dataset,physionet_mi,fbcnet,12150,0.5460082304526749,0.5467004859489418,0.09340097189788366,0.5441003030760159,0.0932635862517398,0.560150283080671,1.2099267155387161,0.6750381003157251,0.270591815101757
dataset,physionet_mi,cardinal_fbc,12150,0.5463374485596708,0.5470281102459824,0.09405622049196483,0.5444406354262294,0.09391817598450491,0.5602703306932344,1.2093317011493239,0.6747117394110405,0.27018762954959163
dataset,physionet_mi,cardinal_fbc_extended,12150,0.5460082304526749,0.5466874785326822,0.09337495706536436,0.5441774989525918,0.09324003174094198,0.5604247937613179,1.2064944068372598,0.6739930117733167,0.26882827519879915
dataset,physionet_mi,cardinal_fbc_corr,12150,0.5546502057613169,0.5555327248301414,0.11106544966028276,0.5514954725081136,0.11086014433452307,0.5710165499047817,1.1557609685270105,0.6543633013491893,0.25313193030318115
dataset,physionet_mi,cardinal_fbc_corr_extended,12150,0.5558847736625514,0.556454422216667,0.11290884443333393,0.5546722066181198,0.11277059343905427,0.5732899278562626,1.1355091304628193,0.6512008131904943,0.2533581889509664
dataset,physionet_mi,cardinal_fbc_compactdyn,12150,0.5431275720164609,0.5438593817005977,0.08771876340119533,0.5409595115612341,0.08758276835412993,0.5627490225807392,1.2839088611666472,0.6910480162235881,0.28779616894054805
dataset,physionet_mi,cardinal_fbc_compactdyn_extended,12150,0.5412345679012346,0.541960502167564,0.08392100433512795,0.5390940422351045,0.08379184935267969,0.5596822328855937,1.3081158824399175,0.6972934633074068,0.2925864499390371
dataset,physionet_mi,cardinal_fbc_compactdyn_scale010,12150,0.545514403292181,0.5462879069644552,0.09257581392891034,0.5430847149240565,0.09242463655957267,0.560890770899429,1.2088881106985436,0.6776028877870264,0.27351408976586267
dataset,physionet_mi,cardinal_fbc_compactdyn_scale010_extended,12150,0.5474897119341564,0.5482032490086926,0.0964064980173851,0.5454595436151357,0.09626062812745673,0.5603277462415681,1.209469487075412,0.6778975787754016,0.2734877742317969
dataset,physionet_mi,cardinal_fbc_compactdyn_scale025,12150,0.5409053497942387,0.5414784148024397,0.08295682960487949,0.5396279809717763,0.08285444598942426,0.5598263984158052,1.2097672211616022,0.6781978732475766,0.2763272351149178
dataset,physionet_mi,cardinal_fbc_compactdyn_scale025_extended,12150,0.5422222222222223,0.5428490712908032,0.08569814258160635,0.5406713343644449,0.08558320299386335,0.5611662368122075,1.206055627545925,0.6774984954930605,0.2758181455400255
dataset,physionet_mi,cardinal_fbc_micro,12150,0.5481481481481482,0.548834108697287,0.09766821739457399,0.5462878306714773,0.09752582165150603,0.5594587559896781,1.208992698437792,0.6753468596083291,0.26711663599858065
dataset,physionet_mi,cardinal_fbc_micro_extended,12150,0.542716049382716,0.543393350364919,0.08678670072983796,0.540881647287709,0.08666157673438224,0.5567970118171022,1.2140483231906583,0.6833315189522506,0.27766182879361595
dataset,physionet_mi,cardinal_fbc_physical,12150,0.5418106995884774,0.5424578325986176,0.08491566519723515,0.5401461296617533,0.08479833280496074,0.5578368463519279,1.2271126658281482,0.6811122266991813,0.2758469532252339
dataset,physionet_mi,cardinal_fbc_physical_extended,12150,0.5454320987654321,0.5461169813851678,0.09223396277033569,0.5435654267576485,0.09209963944810351,0.5588337360890087,1.217425527257156,0.6805777373657784,0.2753855479156039
dataset,physionet_mi,eegtcnet,12150,0.5230452674897119,0.523716584658972,0.047433169317943946,0.5211568858614716,0.04736516745160768,0.5345292704126671,0.6956254652877288,0.5016065233348164,0.043048645743617275
dataset,physionet_mi,fbmsnet,12150,0.5530041152263374,0.5532230954805326,0.10644619096106522,0.5528793009406592,0.10639031748656369,0.571109627452694,1.0974570789242166,0.6380118699772145,0.2413785477332127
dataset,physionet_mi,cardinal_fbms,12150,0.5529218106995885,0.5531448477420955,0.10628969548419098,0.5527907462537616,0.1062330409714286,0.5709095435819579,1.098629751433008,0.6384803760106752,0.2411574729676109
dataset,physionet_mi,cardinal_fbms_extended,12150,0.5530864197530864,0.5533159765622618,0.10663195312452367,0.552945128336857,0.10657373067168163,0.570809684563381,1.0976227352916748,0.6385368515617935,0.2423223254072323
dataset,physionet_mi,cardinal_mix,12150,0.5689711934156378,0.5691104349964534,0.13822086999290684,0.5689402149857967,0.13817077179567716,0.5960642200529647,0.8709379737071603,0.5739053729952642,0.18441363375863912
dataset,physionet_mi,cardinal_mix_drop,12150,0.571522633744856,0.5716483038532438,0.14329660770648767,0.5715011656259783,0.14324862787230508,0.6054002050023,0.8115492160670755,0.5542904689901204,0.16961868998445112
dataset,physionet_mi,ctnet,12150,0.5298765432098765,0.5309720808004439,0.06194416160088778,0.5245668806255455,0.06180307743969271,0.5554775246073894,0.8042815391010322,0.5609197337485133,0.16403404702374966
dataset,physionet_mi,ctnet_compact,12150,0.5288888888888889,0.5285551402666927,0.057110280533385405,0.5281707822226738,0.057143170895088136,0.548935248133402,0.7281041470979884,0.5227257520626349,0.10228184750050673
dataset,physionet_mi,eegsym,12150,0.5039506172839506,0.5052151609566141,0.010430321913228235,0.4963249069426373,0.010403004952170947,0.5112475873613982,0.6959540025228773,0.5025703141292037,0.03269310947798894
dataset,physionet_mi,eegsym_wide,12150,0.5174485596707818,0.5163958481953226,0.032791696390645164,0.5113531593348164,0.032857782319635986,0.5323540984539467,0.7208729038042169,0.5130517103176255,0.07187967345547773
dataset,physionet_mi,tcformer,12150,0.5574485596707819,0.5582858257778537,0.11657165155570737,0.5546508629519544,0.11636674380302114,0.6074605661884409,0.6609341467086826,0.47082485040711797,0.043769223734184556
all_datasets,ALL_DATASETS,scope,94310,0.575007952497084,,,,,,0.8874855793486477,0.5657002718792394,0.18654989763523963
all_datasets,ALL_DATASETS,free_scope,94310,0.6104018661859824,,,,,,0.8030257250221113,0.5177765801470419,0.1625530085458367
all_datasets,ALL_DATASETS,cardinal,94310,0.6842010391262856,,,,,,0.6298040232822095,0.41440368136388145,0.07062605278715198
all_datasets,ALL_DATASETS,free_cardinal,94310,0.6869791114409924,,,,,,0.622320983193047,0.40981732594505227,0.06741262725840289
all_datasets,ALL_DATASETS,cardinal_dynamics,94310,0.7060120877955678,,,,,,0.5648394115267298,0.370958046792705,0.04180564421470311
all_datasets,ALL_DATASETS,cardinal_dynamics_compact,94310,0.7055243346410773,,,,,,0.5606696742177286,0.3683520451653209,0.03854056530774377
all_datasets,ALL_DATASETS,cardinal_dynamics_extended,94310,0.7055031279821864,,,,,,0.560581138558044,0.3684308054376301,0.041035897994253834
all_datasets,ALL_DATASETS,cardinal_dynamics_sinc,94310,0.6955996182801399,,,,,,0.564748794070666,0.37258132382870857,0.03707324809454719
all_datasets,ALL_DATASETS,cardinal_dynamics_sinc_residual,94310,0.7011557629095536,,,,,,0.5590724918888601,0.36846186062276415,0.03198866926243445
all_datasets,ALL_DATASETS,cardinal_dynamics_sinc_extended,94310,0.700689216413954,,,,,,0.560301708726075,0.36950207158408266,0.035171211830771563
all_datasets,ALL_DATASETS,eegnet,94310,0.6170183437599406,,,,,,0.63294821015171,0.4185275020681824,0.014515524889944747
all_datasets,ALL_DATASETS,shallow,94310,0.6824408864383417,,,,,,0.6780783709403687,0.42989035897276007,0.10285525469755444
all_datasets,ALL_DATASETS,deep4,94310,0.541331778178348,,,,,,0.7628813149083707,0.5124084199957749,0.08309823663391955
all_datasets,ALL_DATASETS,eegconformer,94310,0.6671614887074542,,,,,,0.748478538411074,0.44204888960711614,0.12274022020258153
all_datasets,ALL_DATASETS,eegconformer_compact,94310,0.664924186194465,,,,,,0.7446233970667048,0.4441351961316568,0.12556533000683076
all_datasets,ALL_DATASETS,atcnet,94310,0.6613402608419043,,,,,,0.6022313830915929,0.39872137621272813,0.05054168595531788
all_datasets,ALL_DATASETS,atcnet_aggressive_pool,94310,0.6495705651574595,,,,,,0.6150611189807138,0.4075703960136255,0.047859035214770085
all_datasets,ALL_DATASETS,fbcnet,94310,0.7000106033294454,,,,,,0.6767730899976326,0.41563610548065616,0.07173602272193615
all_datasets,ALL_DATASETS,cardinal_fbc,94310,0.7007210264022903,,,,,,0.6714258531699425,0.41290089943109215,0.06845923792632054
all_datasets,ALL_DATASETS,cardinal_fbc_extended,94310,0.7003074965539179,,,,,,0.6734690323892484,0.4143844923825658,0.06901534615006912
all_datasets,ALL_DATASETS,cardinal_fbc_corr,94310,0.703732371964797,,,,,,0.6644533909757072,0.4097550091649773,0.06775452907701501
all_datasets,ALL_DATASETS,cardinal_fbc_corr_extended,94310,0.7027038490085887,,,,,,0.6602439861091384,0.4084641849602332,0.06772447814966434
all_datasets,ALL_DATASETS,cardinal_fbc_compactdyn,94310,0.710868412681582,,,,,,0.6838088628891323,0.4087998335366724,0.07873406041662001
all_datasets,ALL_DATASETS,cardinal_fbc_compactdyn_extended,94310,0.7109108259993638,,,,,,0.6898694350613206,0.4117627119527857,0.08219975170951649
all_datasets,ALL_DATASETS,cardinal_fbc_compactdyn_scale010,94310,0.7022797158307709,,,,,,0.6700273692427141,0.41191318940168353,0.06928725441823566
all_datasets,ALL_DATASETS,cardinal_fbc_compactdyn_scale010_extended,94310,0.7036899586470151,,,,,,0.6681579497724779,0.41027356927432473,0.0669350191039127
all_datasets,ALL_DATASETS,cardinal_fbc_compactdyn_scale025,94310,0.7086311101685929,,,,,,0.6602260722772928,0.4042155045606235,0.06675146026634585
all_datasets,ALL_DATASETS,cardinal_fbc_compactdyn_scale025_extended,94310,0.711843918990563,,,,,,0.6532758123836067,0.4004845954386861,0.06311810990966728
all_datasets,ALL_DATASETS,cardinal_fbc_micro,94310,0.7039656452125967,,,,,,0.6702810324511247,0.4111264207250092,0.07049677746601313
all_datasets,ALL_DATASETS,cardinal_fbc_micro_extended,94310,0.7030113455625067,,,,,,0.6764512019215326,0.4140517755317404,0.0733507182970114
all_datasets,ALL_DATASETS,cardinal_fbc_physical,94310,0.7035733220231153,,,,,,0.6756816295549989,0.4126782286048896,0.07293805823720739
all_datasets,ALL_DATASETS,cardinal_fbc_physical_extended,94310,0.7044003817198601,,,,,,0.6748984908591753,0.4129571410477442,0.07418162535981504
all_datasets,ALL_DATASETS,eegtcnet,94310,0.5777011981762273,,,,,,0.6792678441881882,0.46080811021700085,0.02218201484271646
all_datasets,ALL_DATASETS,fbmsnet,94310,0.6977308874986746,,,,,,0.6657177666140115,0.41006947757270495,0.06681955950268505
all_datasets,ALL_DATASETS,cardinal_fbms,94310,0.6973703742975295,,,,,,0.6660076934093282,0.41057484133722427,0.06770557277295637
all_datasets,ALL_DATASETS,cardinal_fbms_extended,94310,0.698239847312056,,,,,,0.6646702233241386,0.4094582038820275,0.06716168056318306
all_datasets,ALL_DATASETS,cardinal_mix,94310,0.6850068921641396,,,,,,0.6418653236697219,0.41715711685730483,0.07472682278016732
all_datasets,ALL_DATASETS,cardinal_mix_drop,94310,0.6908281200296893,,,,,,0.6148493128353537,0.40421576608936666,0.07219318741832378
all_datasets,ALL_DATASETS,ctnet,94310,0.6629307602587212,,,,,,0.6144859539453672,0.4104984664082628,0.06991776560355491
all_datasets,ALL_DATASETS,ctnet_compact,94310,0.6312162018873927,,,,,,0.6292858506016592,0.4247439327322771,0.03285254967508457
all_datasets,ALL_DATASETS,eegsym,94310,0.5275050365814866,,,,,,0.7341874857671231,0.4968691171575664,0.014834956241594465
all_datasets,ALL_DATASETS,eegsym_wide,94310,0.6154808609903509,,,,,,0.6564742939118764,0.4330149360249059,0.05695059770630723
all_datasets,ALL_DATASETS,tcformer,94310,0.6997561234227547,,,,,,0.5524813162902878,0.3622802212470534,0.04685958289080036
