time,log_odds,center,margin,pred,conf,committed
2026-09-21 10:13:13.501,-2.9458,-2.6289,-0.3169,1,0.5786,0
2026-09-21 10:13:13.723,-3.0399,-2.6330,-0.4068,1,0.6003,0
2026-09-21 10:13:13.961,-2.3787,-2.6305,0.2518,2,0.5626,0
2026-09-21 10:13:14.190,-3.3710,-2.6305,-0.7405,1,0.6771,0
2026-09-21 10:13:14.417,-2.4031,-2.6282,0.2251,2,0.5560,0
2026-09-21 10:13:14.646,0.7946,-2.6282,3.4229,2,0.9684,0
2026-09-21 10:13:14.872,-1.4633,-2.6282,1.1649,2,0.7622,0
2026-09-21 10:13:15.100,-2.7314,-2.6293,-0.1021,1,0.5255,0
2026-09-21 10:13:15.328,-1.9248,-2.6293,0.7045,2,0.6692,0
2026-09-21 10:13:15.552,-1.5166,-2.6293,1.1126,2,0.7526,0
2026-09-21 10:13:15.780,-2.1596,-2.6246,0.4650,2,0.6142,0
2026-09-21 10:13:16.009,-2.2719,-2.6210,0.3492,2,0.5864,0
2026-09-21 10:13:16.240,-0.2526,-2.6210,2.3684,2,0.9144,0
2026-09-21 10:13:16.467,-1.0471,-2.6210,1.5739,2,0.8283,0
2026-09-21 10:13:16.695,-3.7265,-2.6210,-1.1054,1,0.7513,0
2026-09-21 10:13:16.922,-3.3032,-2.6210,-0.6822,1,0.6642,0
2026-09-21 10:13:17.151,-1.8453,-2.6210,0.7758,2,0.6848,0
2026-09-21 10:13:17.379,-3.2840,-2.6210,-0.6630,1,0.6599,0
2026-09-21 10:13:17.609,-3.3008,-2.6210,-0.6798,1,0.6637,0
2026-09-21 10:13:17.838,-0.9890,-2.6210,1.6320,2,0.8364,0
2026-09-21 10:13:18.068,0.4152,-2.6210,3.0362,2,0.9542,0
2026-09-21 10:13:18.293,-3.9158,-2.6210,-1.2947,1,0.7849,0
2026-09-21 10:13:18.522,-3.7560,-2.6210,-1.1349,1,0.7567,0
2026-09-21 10:13:18.751,-2.1494,-2.6163,0.4669,2,0.6147,0
2026-09-21 10:13:18.982,-3.0180,-2.6203,-0.3977,1,0.5981,0
2026-09-21 10:13:19.208,-2.4038,-2.6182,0.2144,2,0.5534,0
2026-09-21 10:13:19.436,0.4810,-2.6182,3.0992,2,0.9569,0
2026-09-21 10:13:19.665,-0.0657,-2.6182,2.5525,2,0.9277,0
2026-09-21 10:13:19.894,-3.7620,-2.6182,-1.1438,1,0.7584,0
2026-09-21 10:13:20.117,-3.1505,-2.6235,-0.5270,1,0.6288,0
2026-09-21 10:13:20.341,-2.4197,-2.6215,0.2018,2,0.5503,0
2026-09-21 10:13:20.568,-2.2343,-2.6176,0.3833,2,0.5947,0
2026-09-21 10:13:20.797,-3.8504,-2.6176,-1.2328,1,0.7743,0
2026-09-21 10:13:21.021,-1.1360,-2.6176,1.4816,2,0.8148,0
2026-09-21 10:13:21.250,1.0629,-2.6176,3.6805,2,0.9754,0
2026-09-21 10:13:21.476,-0.1964,-2.6176,2.4212,2,0.9184,0
2026-09-21 10:13:21.699,-1.9608,-2.6176,0.6568,2,0.6585,0
2026-09-21 10:13:21.928,-1.1845,-2.6176,1.4331,2,0.8074,0
2026-09-21 10:13:22.155,-0.8345,-2.6176,1.7831,2,0.8561,0
2026-09-21 10:13:22.384,-1.3075,-2.6176,1.3101,2,0.7875,0
2026-09-21 10:13:22.614,-1.7019,-2.6176,0.9157,2,0.7142,0
2026-09-21 10:13:22.839,2.1935,-2.6176,4.8111,2,0.9919,0
2026-09-21 10:13:23.063,0.4041,-2.6176,3.0216,2,0.9535,0
2026-09-21 10:13:23.289,-1.7521,-2.6176,0.8655,2,0.7038,0
2026-09-21 10:13:23.513,-1.8975,-2.6176,0.7201,2,0.6726,0
2026-09-21 10:13:23.742,-1.1230,-2.6176,1.4946,2,0.8168,0
2026-09-21 10:13:23.968,-2.1428,-2.6128,0.4700,2,0.6154,0
2026-09-21 10:13:24.197,-3.1498,-2.6182,-0.5316,1,0.6298,0
2026-09-21 10:13:24.425,0.1445,-2.6182,2.7627,2,0.9406,0
2026-09-21 10:13:24.654,-0.1042,-2.6182,2.5140,2,0.9251,0
2026-09-21 10:13:24.883,-1.4139,-2.6182,1.2043,2,0.7693,0
2026-09-21 10:13:25.111,-4.8037,-2.6182,-2.1855,1,0.8989,0
2026-09-21 10:13:25.336,-3.6862,-2.6182,-1.0680,1,0.7442,0
2026-09-21 10:13:25.566,-2.6183,-2.6182,-0.0001,1,0.5000,0
2026-09-21 10:13:25.792,-4.1071,-2.6182,-1.4889,1,0.8159,0
2026-09-21 10:13:26.016,-0.9531,-2.6182,1.6651,2,0.8409,0
2026-09-21 10:13:26.241,0.3983,-2.6182,3.0165,2,0.9533,0
2026-09-21 10:13:26.470,0.2126,-2.6182,2.8308,2,0.9443,0
2026-09-21 10:13:26.698,-0.9775,-2.6182,1.6407,2,0.8376,0
2026-09-21 10:13:26.929,-2.1139,-2.6132,0.4993,2,0.6223,0
2026-09-21 10:13:27.159,-1.0132,-2.6132,1.6000,2,0.8320,0
2026-09-21 10:13:27.385,-2.9328,-2.6164,-0.3165,1,0.5785,0
2026-09-21 10:13:27.615,-3.1496,-2.6217,-0.5279,1,0.6290,0
2026-09-21 10:13:27.845,-0.9049,-2.6217,1.7168,2,0.8477,0
2026-09-21 10:13:28.071,-0.6219,-2.6217,1.9998,2,0.8808,0
2026-09-21 10:13:28.300,-3.2579,-2.6217,-0.6362,1,0.6539,0
2026-09-21 10:13:28.529,-4.1983,-2.6217,-1.5766,1,0.8287,0
2026-09-21 10:13:28.764,-2.8651,-2.6241,-0.2409,1,0.5599,0
2026-09-21 10:13:28.991,-4.9892,-2.6241,-2.3651,1,0.9141,0
2026-09-21 10:13:29.220,-4.1662,-2.6241,-1.5421,1,0.8238,0
2026-09-21 10:13:29.447,0.3865,-2.6241,3.0106,2,0.9531,0
2026-09-21 10:13:29.674,-1.0766,-2.6241,1.5475,2,0.8246,0
2026-09-21 10:13:29.903,-2.9875,-2.6278,-0.3597,1,0.5890,0
2026-09-21 10:13:30.128,-3.0686,-2.6322,-0.4364,1,0.6074,0
2026-09-21 10:13:30.355,-2.5845,-2.6317,0.0472,2,0.5118,0
2026-09-21 10:13:30.581,-3.7243,-2.6317,-1.0926,1,0.7489,0
2026-09-21 10:13:30.805,-4.1213,-2.6317,-1.4897,1,0.8160,0
2026-09-21 10:13:31.031,-0.2081,-2.6317,2.4235,2,0.9186,0
2026-09-21 10:13:31.260,-0.0268,-2.6317,2.6049,2,0.9312,0
2026-09-21 10:13:31.289,-1.4691,-2.6317,1.1626,2,0.7618,0
